country,year,parity,mean_age_at_birth,n
Angola,2015,1,19.243159750185065,11149
Angola,2015,2,22.270383395190994,8975
Angola,2015,3,24.990160981935094,6926
Angola,2015,4,27.463082961505478,5144
Angola,2015,5,29.73851196701709,3710
Angola,2015,6,31.728682811587838,2554
Angola,2015,7,33.64912557786184,1597
Angola,2015,8,35.217299086566605,971
Angola,2015,9,36.36344396956721,522
Angola,2015,10,37.57539520449969,266
Angola,2015,11,38.14325104754334,115
Angola,2015,12,38.50999934245671,44
Angola,2015,13,38.27742865244051,16
Angola,2015,14,40.09406055673007,8
Angola,2015,15,39.809803320097714,4
Angola,2015,16,40.916666666666664,1
Burundi,2010,1,21.09494565488996,5954
Burundi,2010,2,23.535275385843065,4928
Burundi,2010,3,26.06007904336135,3958
Burundi,2010,4,28.561729207175613,3096
Burundi,2010,5,30.846848512541868,2341
Burundi,2010,6,32.96121204766161,1684
Burundi,2010,7,34.835903230206604,1123
Burundi,2010,8,36.685829086939115,708
Burundi,2010,9,37.91520318315511,396
Burundi,2010,10,39.03978547631043,201
Burundi,2010,11,40.21526583517955,84
Burundi,2010,12,41.43094493105393,32
Burundi,2010,13,41.77247216351725,10
Burundi,2010,14,43.689865576156784,3
Burundi,2010,15,42.083333333333336,1
Burundi,2010,16,44.416666666666664,1
Burundi,2016,1,21.12323315271105,11081
Burundi,2016,2,23.703457947763695,9322
Burundi,2016,3,26.240875509935382,7573
Burundi,2016,4,28.68541668154988,5814
Burundi,2016,5,30.980092241575665,4350
Burundi,2016,6,33.06879720770241,3044
Burundi,2016,7,34.88667305771578,1979
Burundi,2016,8,36.673608076391844,1173
Burundi,2016,9,37.83211703670852,611
Burundi,2016,10,39.1606423262318,288
Burundi,2016,11,39.85058132543097,120
Burundi,2016,12,41.231109308515755,49
Burundi,2016,13,42.5591844743024,11
Burundi,2016,14,36.09687671882321,3
Burundi,2016,15,43.916666666666664,1
Cameroon,1991,1,18.213936720376037,2839
Cameroon,1991,2,20.726406085837375,2257
Cameroon,1991,3,23.00277468364767,1782
Cameroon,1991,4,25.206317137024293,1412
Cameroon,1991,5,27.416141379665348,1092
Cameroon,1991,6,29.560243347459195,807
Cameroon,1991,7,31.714835663602667,567
Cameroon,1991,8,33.52841943326866,377
Cameroon,1991,9,35.07717700743566,226
Cameroon,1991,10,36.627009685314874,136
Cameroon,1991,11,37.51514464387067,65
Cameroon,1991,12,38.60334384651599,31
Cameroon,1991,13,39.29493572324528,13
Cameroon,1991,14,39.603355492453815,3
Cameroon,1991,15,41.71747756521371,3
Cameroon,1991,16,44.18190027622354,2
Cameroon,1998,1,18.74196588525818,3847
Cameroon,1998,2,21.34821295931338,2984
Cameroon,1998,3,23.68739586883985,2344
Cameroon,1998,4,26.090332073918315,1842
Cameroon,1998,5,28.16156926057749,1411
Cameroon,1998,6,30.25946904932722,1032
Cameroon,1998,7,32.37271231143937,720
Cameroon,1998,8,34.1420359136813,456
Cameroon,1998,9,35.78620461358184,279
Cameroon,1998,10,37.69258176627516,159
Cameroon,1998,11,38.656266203060696,72
Cameroon,1998,12,39.51640394730433,26
Cameroon,1998,13,39.312962063111655,8
Cameroon,1998,14,34.083333333333336,2
Cameroon,1998,15,35.791666666666664,2
Cameroon,1998,16,33.083333333333336,1
Cameroon,1998,17,34.916666666666664,1
Cameroon,1998,18,34.916666666666664,1
Cameroon,2004,1,18.805684065590803,7557
Cameroon,2004,2,21.373300991856713,5868
Cameroon,2004,3,23.72664353525854,4543
Cameroon,2004,4,25.913902260837986,3501
Cameroon,2004,5,28.10541148594823,2651
Cameroon,2004,6,30.201937966457436,1967
Cameroon,2004,7,31.935645314813318,1359
Cameroon,2004,8,33.73179212660359,913
Cameroon,2004,9,35.36118383707581,555
Cameroon,2004,10,36.6162594396746,305
Cameroon,2004,11,38.02512201353464,147
Cameroon,2004,12,38.60066755835172,55
Cameroon,2004,13,39.349571852615775,19
Cameroon,2004,14,39.27896260934565,8
Cameroon,2004,15,39.20077773879531,4
Cameroon,2004,16,32.083333333333336,1
Cameroon,2004,17,37.916666666666664,1
Cameroon,2004,18,37.916666666666664,1
Cameroon,2011,1,19.236649215606633,11023
Cameroon,2011,2,21.943591390127246,8693
Cameroon,2011,3,24.291254849896387,6795
Cameroon,2011,4,26.53605906000312,5141
Cameroon,2011,5,28.67837517480545,3772
Cameroon,2011,6,30.660568472864842,2669
Cameroon,2011,7,32.477713645147084,1786
Cameroon,2011,8,34.10588941841884,1122
Cameroon,2011,9,35.674275901559284,647
Cameroon,2011,10,36.89199699297636,357
Cameroon,2011,11,37.90871072059908,176
Cameroon,2011,12,38.59236765547801,84
Cameroon,2011,13,39.408080991407324,31
Cameroon,2011,14,41.43286045164717,11
Cameroon,2011,15,43.611608115957466,5
Cameroon,2018,1,19.76949567463994,9383
Cameroon,2018,2,22.489985492523402,7302
Cameroon,2018,3,24.78328499869362,5560
Cameroon,2018,4,27.012813186004422,4076
Cameroon,2018,5,28.94440281120788,2873
Cameroon,2018,6,30.80628070322628,1950
Cameroon,2018,7,32.55268482178758,1242
Cameroon,2018,8,33.936856543921486,736
Cameroon,2018,9,35.382626328692645,452
Cameroon,2018,10,36.807858331253556,232
Cameroon,2018,11,37.615803641077875,95
Cameroon,2018,12,38.90919970054198,54
Cameroon,2018,13,40.31952520775557,21
Cameroon,2018,14,42.43867362512556,8
Cameroon,2018,15,44.07859327475872,3
Cameroon,2018,16,44.5,1
Central African Republic,1995,1,19.027384165425246,4388
Central African Republic,1995,2,21.526381119944702,3431
Central African Republic,1995,3,23.987564512644067,2644
Central African Republic,1995,4,26.1661075193255,2011
Central African Republic,1995,5,28.485225702490347,1506
Central African Republic,1995,6,30.5061999804015,1078
Central African Republic,1995,7,32.3608017914965,755
Central African Republic,1995,8,34.017637251999275,484
Central African Republic,1995,9,35.44300481709284,313
Central African Republic,1995,10,37.02461765941755,171
Central African Republic,1995,11,38.17117192557096,86
Central African Republic,1995,12,38.794557597455594,36
Central African Republic,1995,13,39.90793579421031,20
Central African Republic,1995,14,39.81665866413783,6
Central African Republic,1995,15,39.779201729767564,4
Central African Republic,1995,16,37.75,1
Central African Republic,1995,17,40.25,1
Central African Republic,1995,18,41.50000000000001,1
Chad,1996,1,18.321995679961606,5865
Chad,1996,2,20.723314227253223,4859
Chad,1996,3,23.02810357007282,4005
Chad,1996,4,25.367149953321636,3249
Chad,1996,5,27.563505172488902,2551
Chad,1996,6,29.536327732973604,1912
Chad,1996,7,31.51536900104001,1330
Chad,1996,8,33.09244805808566,880
Chad,1996,9,34.63727643258906,538
Chad,1996,10,36.10047282766788,314
Chad,1996,11,37.34074122763369,150
Chad,1996,12,38.22944299813782,54
Chad,1996,13,38.31757462227252,19
Chad,1996,14,36.6361193729572,7
Chad,1996,15,38.81839580876683,5
Chad,1996,16,40.333333333333336,1
Chad,2004,1,18.27175862094398,4643
Chad,2004,2,20.682468627029817,3952
Chad,2004,3,23.014287199045793,3323
Chad,2004,4,25.269291049264446,2688
Chad,2004,5,27.470972349887916,2134
Chad,2004,6,29.531324602261424,1622
Chad,2004,7,31.606079673208026,1218
Chad,2004,8,33.36255680392433,835
Chad,2004,9,34.968868367142825,522
Chad,2004,10,36.34915125157005,289
Chad,2004,11,36.65255338562707,146
Chad,2004,12,38.332959400613014,60
Chad,2004,13,37.51381456832473,7
Chad,2004,14,38.31562271689732,4
Chad,2004,15,41.094101140132935,4
Chad,2004,16,41.333333333333336,1
Chad,2014,1,18.236305136752478,14156
Chad,2014,2,20.647632144567645,12430
Chad,2014,3,22.950787050319303,10660
Chad,2014,4,25.158220047920793,8908
Chad,2014,5,27.265951625826986,7170
Chad,2014,6,29.3485027848888,5536
Chad,2014,7,31.267460092504123,4025
Chad,2014,8,33.09142623487066,2776
Chad,2014,9,34.86141134241068,1654
Chad,2014,10,36.459250479096596,954
Chad,2014,11,37.83054661043383,456
Chad,2014,12,38.901303478137535,191
Chad,2014,13,40.64189626515173,47
Chad,2014,14,40.986539487326496,20
Chad,2014,15,42.77588153519736,5
Chad,2014,16,45.75,1
Comoros,1996,1,20.11873156342183,1695
Comoros,1996,2,22.35048678720445,1438
Comoros,1996,3,24.44290512174643,1191
Comoros,1996,4,26.472511272979535,961
Comoros,1996,5,28.22775607638889,768
Comoros,1996,6,30.007513661202182,610
Comoros,1996,7,31.867416131334764,467
Comoros,1996,8,33.18184156378601,324
Comoros,1996,9,34.53125,200
Comoros,1996,10,35.49066091954023,116
Comoros,1996,11,36.85507246376812,69
Comoros,1996,12,36.916666666666664,38
Comoros,1996,13,38.21590909090909,22
Comoros,1996,14,39.324074074074076,9
Comoros,1996,15,40.416666666666664,3
Comoros,1996,16,42.875,2
Comoros,2012,1,21.061272975186085,2934
Comoros,2012,2,23.127305783936162,2387
Comoros,2012,3,25.239791311084453,1898
Comoros,2012,4,27.290528822946285,1427
Comoros,2012,5,28.86956823764273,1024
Comoros,2012,6,30.75575239519353,713
Comoros,2012,7,32.214593814202445,474
Comoros,2012,8,33.46781466329227,303
Comoros,2012,9,34.828318765906495,173
Comoros,2012,10,35.99223409979019,87
Comoros,2012,11,36.44884129945506,43
Comoros,2012,12,36.59267715557785,19
Comoros,2012,13,38.83162489904689,10
Comoros,2012,14,39.245558610621046,3
Comoros,2012,15,38,1
Comoros,2012,16,38,1
Congo Brazzaville,2005,1,19.215790052397686,5152
Congo Brazzaville,2005,2,22.495419152220958,3830
Congo Brazzaville,2005,3,25.220605917977434,2740
Congo Brazzaville,2005,4,27.71985048150441,1880
Congo Brazzaville,2005,5,30.12065749143727,1273
Congo Brazzaville,2005,6,32.40765639437905,815
Congo Brazzaville,2005,7,34.26901423454557,494
Congo Brazzaville,2005,8,36.24495784344409,282
Congo Brazzaville,2005,9,37.90434683795288,131
Congo Brazzaville,2005,10,38.946619276336236,55
Congo Brazzaville,2005,11,37.645974455677,19
Congo Brazzaville,2005,12,37.37164641047308,8
Congo Brazzaville,2005,13,38.720402450101204,4
Congo Brazzaville,2005,14,42.999203866874375,3
Congo Brazzaville,2005,15,47.33333333333333,1
Congo Brazzaville,2011,1,19.297342433398054,7030
Congo Brazzaville,2011,2,22.523117233966396,5375
Congo Brazzaville,2011,3,25.223961888826928,3974
Congo Brazzaville,2011,4,27.584673908048416,2736
Congo Brazzaville,2011,5,29.598938319272154,1790
Congo Brazzaville,2011,6,31.121461424287542,1095
Congo Brazzaville,2011,7,32.90274422321444,636
Congo Brazzaville,2011,8,34.249974399513654,322
Congo Brazzaville,2011,9,35.1989140310176,129
Congo Brazzaville,2011,10,35.2275333326237,47
Congo Brazzaville,2011,11,37.32176155521399,14
Congo Brazzaville,2011,12,38.98665378098779,7
Congo Brazzaville,2011,13,40.14057074983249,5
Congo Brazzaville,2011,14,35.916666666666664,1
Congo Brazzaville,2011,NA,27.30721275248188,8787
Congo Democratic Republic,2007,1,19.64437568228808,7148
Congo Democratic Republic,2007,2,22.309125016574495,5837
Congo Democratic Republic,2007,3,24.89240689931755,4657
Congo Democratic Republic,2007,4,27.278383177398236,3643
Congo Democratic Republic,2007,5,29.58401434820728,2788
Congo Democratic Republic,2007,6,31.70384042757876,2013
Congo Democratic Republic,2007,7,33.28919971705644,1404
Congo Democratic Republic,2007,8,34.9433708578927,944
Congo Democratic Republic,2007,9,36.25733898912022,569
Congo Democratic Republic,2007,10,37.76381093977579,313
Congo Democratic Republic,2007,11,39.34294422500066,152
Congo Democratic Republic,2007,12,40.95408985958917,60
Congo Democratic Republic,2007,13,41.028733694401026,12
Congo Democratic Republic,2007,14,41.57128104709213,5
Congo Democratic Republic,2007,15,41.55614152503596,2
Congo Democratic Republic,2007,16,43.083333333333336,1
Congo Democratic Republic,2013,1,19.68631027490836,14182
Congo Democratic Republic,2013,2,22.426027082479866,11619
Congo Democratic Republic,2013,3,24.849207526321223,9382
Congo Democratic Republic,2013,4,27.16650358360351,7441
Congo Democratic Republic,2013,5,29.328993721113378,5633
Congo Democratic Republic,2013,6,31.330887106682244,4153
Congo Democratic Republic,2013,7,33.20434563402584,2890
Congo Democratic Republic,2013,8,34.76563727518026,1842
Congo Democratic Republic,2013,9,36.21590584767885,1094
Congo Democratic Republic,2013,10,37.43466966390938,602
Congo Democratic Republic,2013,11,39.08789631920085,282
Congo Democratic Republic,2013,12,40.07153145806681,113
Congo Democratic Republic,2013,13,39.36842848537391,28
Congo Democratic Republic,2013,14,38.52416581792754,9
Congo Democratic Republic,2013,15,40.71918794818929,4
Congo Democratic Republic,2013,16,41.6878296266269,2
Benin,1996,1,19.532078164499048,4262
Benin,1996,2,22.12155273981921,3582
Benin,1996,3,24.57471259010849,2962
Benin,1996,4,26.909793216869502,2406
Benin,1996,5,29.18079485773679,1948
Benin,1996,6,31.31489936351685,1505
Benin,1996,7,33.2434418477375,1087
Benin,1996,8,35.1886056573098,749
Benin,1996,9,36.5569413192658,451
Benin,1996,10,37.684876872375455,230
Benin,1996,11,38.71173091757303,111
Benin,1996,12,39.38610209995412,39
Benin,1996,13,40.66834416212088,17
Benin,1996,14,40.47925467570921,6
Benin,1996,15,43.81077098975155,3
Benin,1996,16,42.5,1
Benin,2001,1,19.667325269014366,4612
Benin,2001,2,22.194655220807167,3777
Benin,2001,3,24.527905650305225,3043
Benin,2001,4,26.802630640465786,2436
Benin,2001,5,28.957331173576673,1856
Benin,2001,6,30.983297122161716,1368
Benin,2001,7,32.91427880555964,978
Benin,2001,8,34.680247144188826,647
Benin,2001,9,36.084850580058706,362
Benin,2001,10,37.56271442615426,184
Benin,2001,11,38.5130141836845,88
Benin,2001,12,40.177605010348294,34
Benin,2001,13,41.87447946424568,9
Benin,2001,14,43.30320554833222,3
Benin,2001,15,48,1
Benin,2006,1,19.74508103193332,13814
Benin,2006,2,22.41739774241385,11637
Benin,2006,3,24.790053444007203,9406
Benin,2006,4,27.023119738213033,7335
Benin,2006,5,29.1688504822705,5435
Benin,2006,6,31.181092153567963,3876
Benin,2006,7,33.20291394694746,2597
Benin,2006,8,34.74395761885319,1568
Benin,2006,9,36.150663546116014,865
Benin,2006,10,37.46158265192821,426
Benin,2006,11,37.85560001717928,173
Benin,2006,12,38.31733152287514,76
Benin,2006,13,37.597715327617465,15
Benin,2006,14,38.18886150349857,4
Benin,2006,15,37.18029948586983,2
Benin,2006,16,39.836771084636325,2
Benin,2006,17,42.00000000000001,1
Benin,2011,1,20.440328605958634,12522
Benin,2011,2,23.200594425817965,10436
Benin,2011,3,25.590366047646928,8226
Benin,2011,4,27.664959743627882,6074
Benin,2011,5,29.553851496690136,4145
Benin,2011,6,31.25296825394225,2659
Benin,2011,7,32.67700700134355,1518
Benin,2011,8,34.092808846435254,846
Benin,2011,9,35.285338918139566,409
Benin,2011,10,36.09512884683246,189
Benin,2011,11,37.254699203590235,85
Benin,2011,12,37.99952236384208,26
Benin,2011,13,38.47797141633003,10
Benin,2011,14,38.2314230168913,5
Benin,2011,15,44.05901123622332,2
Benin,2017,1,20.218078116327213,11756
Benin,2017,2,23.007791848970673,9715
Benin,2017,3,25.574261608123518,7761
Benin,2017,4,27.932072607255986,5897
Benin,2017,5,30.16000770918332,4193
Benin,2017,6,32.07482140792815,2817
Benin,2017,7,33.95376767358179,1780
Benin,2017,8,35.61898253808542,1012
Benin,2017,9,37.11119750739335,514
Benin,2017,10,38.263183617062936,256
Benin,2017,11,38.43760749410404,94
Benin,2017,12,38.83789318709428,34
Benin,2017,13,40.79527654508585,16
Benin,2017,14,41.32284705843744,6
Benin,2017,15,42.583333333333336,1
Benin,2017,16,45.916666666666664,1
Sierra Leone,2008,1,19.20785668784204,5876
Sierra Leone,2008,2,22.073948102607364,4715
Sierra Leone,2008,3,24.60757773083417,3534
Sierra Leone,2008,4,26.991241863176235,2567
Sierra Leone,2008,5,28.966290807583203,1762
Sierra Leone,2008,6,30.954828665599024,1175
Sierra Leone,2008,7,32.51968962099688,725
Sierra Leone,2008,8,33.97990025312351,414
Sierra Leone,2008,9,35.501880660744135,208
Sierra Leone,2008,10,36.57629860347696,102
Sierra Leone,2008,11,37.47396608210091,42
Sierra Leone,2008,12,37.327181827656624,15
Sierra Leone,2008,13,43.916666666666664,1
Sierra Leone,2013,1,19.101750843047444,12352
Sierra Leone,2013,2,22.16140697632459,9890
Sierra Leone,2013,3,24.826583127028176,7830
Sierra Leone,2013,4,27.315675857611826,6028
Sierra Leone,2013,5,29.45488444571417,4313
Sierra Leone,2013,6,31.30686914584061,2849
Sierra Leone,2013,7,33.05991706012898,1863
Sierra Leone,2013,8,34.55628979823018,1132
Sierra Leone,2013,9,36.039055453364,612
Sierra Leone,2013,10,36.94726999770653,314
Sierra Leone,2013,11,37.73180770852699,127
Sierra Leone,2013,12,38.457225990217,48
Sierra Leone,2013,13,38.824254106534205,23
Sierra Leone,2013,14,38.692831769578206,9
Sierra Leone,2013,15,43.416666666666664,1
Sierra Leone,2013,16,43.416666666666664,1
Gabon,2000,1,18.39712742658277,4499
Gabon,2000,2,21.300058574019516,3394
Gabon,2000,3,23.61427120126978,2559
Gabon,2000,4,25.859884806061654,1941
Gabon,2000,5,27.960932855754663,1441
Gabon,2000,6,29.839393461454094,1068
Gabon,2000,7,31.75350456743759,757
Gabon,2000,8,33.388751586448436,521
Gabon,2000,9,34.747852107626635,325
Gabon,2000,10,35.64717429274029,197
Gabon,2000,11,36.952497666536566,102
Gabon,2000,12,37.75355312023791,44
Gabon,2000,13,38.26133437175776,18
Gabon,2000,14,36.28463306964491,5
Gabon,2000,15,37.468089608433075,3
Gabon,2000,16,38.75,2
Gabon,2000,17,40.5,1
Gabon,2000,18,40.5,1
Gabon,2012,1,19.300887079712794,6383
Gabon,2012,2,22.516798974822308,4877
Gabon,2012,3,25.346203257694842,3607
Gabon,2012,4,27.798710163111853,2701
Gabon,2012,5,29.760885738849534,1944
Gabon,2012,6,31.56174373458464,1380
Gabon,2012,7,33.315613061992444,928
Gabon,2012,8,35.470723615207625,587
Gabon,2012,9,36.74111673722569,361
Gabon,2012,10,37.91479686495975,187
Gabon,2012,11,40.18270826847232,93
Gabon,2012,12,39.309191493954756,41
Gabon,2012,13,41.19439045772908,11
Gabon,2012,14,41.283075989853316,4
Gabon,2012,15,42.19083485633374,3
Gabon,2012,16,44.35109701095595,2
Gabon,2019,1,20.36523864579515,6916
Gabon,2019,2,23.833675974070417,5277
Gabon,2019,3,26.72432366756362,3832
Gabon,2019,4,29.02038326414465,2653
Gabon,2019,5,30.925602662767396,1800
Gabon,2019,6,32.39381085267923,1160
Gabon,2019,7,34.23193949265372,715
Gabon,2019,8,36.003380690879666,431
Gabon,2019,9,37.90842006648884,230
Gabon,2019,10,37.816515577389815,112
Gabon,2019,11,38.09280466996822,63
Gabon,2019,12,37.34648514145483,29
Gabon,2019,13,36.914331396445064,14
Gambia,2013,1,19.689271856081035,6845
Gambia,2013,2,22.435502622251388,5475
Gambia,2013,3,24.84369179418146,4333
Gambia,2013,4,27.240907943536303,3342
Gambia,2013,5,29.636358360869103,2488
Gambia,2013,6,31.74179950637533,1743
Gambia,2013,7,33.67505698222545,1108
Gambia,2013,8,35.1935057815669,664
Gambia,2013,9,36.58724334320416,344
Gambia,2013,10,38.35780658196634,163
Gambia,2013,11,39.97208062731488,68
Gambia,2013,12,42.010979528187065,21
Gambia,2013,13,40.430625896077785,5
Gambia,2013,14,36.5,1
Gambia,2013,15,39,1
Gambia,2019,1,20.281005756989416,7924
Gambia,2019,2,22.96882442973945,6459
Gambia,2019,3,25.475849330713274,5208
Gambia,2019,4,27.878334646670492,4002
Gambia,2019,5,30.11391671693689,2989
Gambia,2019,6,32.175347117072945,2082
Gambia,2019,7,34.289124623806764,1419
Gambia,2019,8,36.20632545592641,854
Gambia,2019,9,37.84027523926145,437
Gambia,2019,10,38.77729419061342,188
Gambia,2019,11,39.793961435020044,70
Gambia,2019,12,39.43255427285238,23
Gambia,2019,13,39.03119947679953,8
Gambia,2019,14,40.82527887393636,2
Ghana,1993,1,19.96262482168331,3505
Ghana,1993,2,22.98445229681979,2830
Ghana,1993,3,25.767713548778637,2197
Ghana,1993,4,28.102440008066143,1653
Ghana,1993,5,30.29587614155251,1168
Ghana,1993,6,32.55407689057879,789
Ghana,1993,7,34.62059369202226,539
Ghana,1993,8,36.216986155484555,313
Ghana,1993,9,37.70520231213873,173
Ghana,1993,10,38.84027777777778,84
Ghana,1993,11,40.51149425287356,29
Ghana,1993,12,40.484848484848484,11
Ghana,1993,13,42.763888888888886,6
Ghana,1993,14,45.666666666666664,1
Ghana,1998,1,20.11644825882165,3499
Ghana,1998,2,23.12458083884698,2798
Ghana,1998,3,25.731186498658953,2170
Ghana,1998,4,28.179531232269202,1642
Ghana,1998,5,30.656576522325658,1177
Ghana,1998,6,32.52028846805898,815
Ghana,1998,7,34.35853123284896,501
Ghana,1998,8,35.8839149231074,291
Ghana,1998,9,37.36586905972307,162
Ghana,1998,10,38.59887517447038,80
Ghana,1998,11,39.38757124319908,35
Ghana,1998,12,41.665028122446834,12
Ghana,1998,13,42.84210273483864,4
Ghana,1998,14,41.042247877937854,2
Ghana,2003,1,20.177480991720916,3992
Ghana,2003,2,23.40352342216861,3200
Ghana,2003,3,26.222441292104772,2522
Ghana,2003,4,28.618875030763377,1879
Ghana,2003,5,30.790610197649247,1364
Ghana,2003,6,32.97801102751814,940
Ghana,2003,7,34.79066280415443,576
Ghana,2003,8,36.60493515367049,336
Ghana,2003,9,37.882695568740296,161
Ghana,2003,10,39.062942294426065,68
Ghana,2003,11,39.02914476043301,31
Ghana,2003,12,40.936413771882926,14
Ghana,2003,13,40.85241122401882,3
Ghana,2008,1,20.457431746502767,3299
Ghana,2008,2,23.691635917522742,2648
Ghana,2008,3,26.30592612944146,2004
Ghana,2008,4,28.919914910842277,1458
Ghana,2008,5,30.98582975399166,991
Ghana,2008,6,32.91599321919663,649
Ghana,2008,7,34.63408620164276,406
Ghana,2008,8,36.14121343332543,231
Ghana,2008,9,36.99933466289644,113
Ghana,2008,10,38.94120851945993,53
Ghana,2008,11,40.721507405740404,23
Ghana,2008,12,41.75482521102996,8
Ghana,2008,13,42.60718533125461,4
Ghana,2008,14,43.333333333333336,1
Ghana,2014,1,20.932152303609662,6511
Ghana,2014,2,24.12473397289412,5208
Ghana,2014,3,26.82598642821576,3954
Ghana,2014,4,29.362838390503406,2883
Ghana,2014,5,31.439066945437666,1976
Ghana,2014,6,33.42429136216628,1233
Ghana,2014,7,35.0877840312507,684
Ghana,2014,8,36.60712394199615,361
Ghana,2014,9,38.29823526267708,194
Ghana,2014,10,38.71731207083793,76
Ghana,2014,11,40.49920069645522,27
Ghana,2014,12,41.98180608619231,9
Ghana,2014,13,44.01652306264163,2
Ghana,2022,1,21.483911313983832,10356
Ghana,2022,2,24.85333672138213,7991
Ghana,2022,3,27.73749787455822,6040
Ghana,2022,4,30.235086261074166,4273
Ghana,2022,5,32.24659361827142,2743
Ghana,2022,6,34.009584609089536,1627
Ghana,2022,7,35.71337949918981,891
Ghana,2022,8,37.0759213276675,427
Ghana,2022,9,38.39007694906218,203
Ghana,2022,10,38.862303423482196,73
Ghana,2022,11,40.021967911714874,25
Ghana,2022,12,39.92296716519101,10
Ghana,2022,13,39.22496153990121,4
Guinea,1999,1,18.538451114970602,5413
Guinea,1999,2,21.379984029447566,4516
Guinea,1999,3,24.032075748747605,3717
Guinea,1999,4,26.52377106822363,2984
Guinea,1999,5,28.93781656903907,2271
Guinea,1999,6,31.162935203251784,1645
Guinea,1999,7,33.22437276059138,1100
Guinea,1999,8,34.97305271266883,649
Guinea,1999,9,36.92983955572034,388
Guinea,1999,10,38.554601984675486,173
Guinea,1999,11,39.5756212465076,61
Guinea,1999,12,40.12436136251115,15
Guinea,1999,13,41.15231835094161,6
Guinea,1999,14,42.71043537278842,3
Guinea,1999,15,37,1
Guinea,1999,16,37,1
Guinea,2005,1,18.911658834606136,6259
Guinea,2005,2,21.82950918576034,5291
Guinea,2005,3,24.472600738468568,4399
Guinea,2005,4,26.922563211798344,3554
Guinea,2005,5,29.28362756311091,2713
Guinea,2005,6,31.57648386416163,2006
Guinea,2005,7,33.58044579987868,1359
Guinea,2005,8,35.37671563288984,819
Guinea,2005,9,36.90814824622984,416
Guinea,2005,10,37.87345803263717,186
Guinea,2005,11,39.66649891293271,82
Guinea,2005,12,39.51139478375651,24
Guinea,2005,13,41.21634990872352,4
Guinea,2005,14,41.23447207362435,2
Guinea,2005,15,40.25,1
Guinea,2012,1,18.66972173142057,6950
Guinea,2012,2,21.671393481375294,5646
Guinea,2012,3,24.50004317497031,4495
Guinea,2012,4,27.089643032872743,3545
Guinea,2012,5,29.506808533382745,2686
Guinea,2012,6,31.729570996699977,1860
Guinea,2012,7,33.776919863422826,1207
Guinea,2012,8,35.50116578992529,705
Guinea,2012,9,36.857831525484606,354
Guinea,2012,10,38.123942993785136,154
Guinea,2012,11,39.15424266577038,59
Guinea,2012,12,39.68028014212833,17
Guinea,2012,13,39.40564565800903,4
Guinea,2012,14,38.5,1
Guinea,2018,1,19.533531414516922,7802
Guinea,2018,2,22.676396033554845,6356
Guinea,2018,3,25.481635736177115,5002
Guinea,2018,4,27.975340996609635,3648
Guinea,2018,5,30.3978253526515,2506
Guinea,2018,6,32.4097703291988,1603
Guinea,2018,7,34.186195300288375,960
Guinea,2018,8,36.07389796689177,544
Guinea,2018,9,37.11519575186116,266
Guinea,2018,10,38.40246147167461,127
Guinea,2018,11,38.45102978002124,43
Guinea,2018,12,39.40064286232401,19
Guinea,2018,13,40.49163566430904,9
Guinea,2018,14,44.21065349592677,2
Cote d'Ivoire,1994,1,18.523002706587018,6108
Cote d'Ivoire,1994,2,21.28737965004515,4828
Cote d'Ivoire,1994,3,23.739019766116957,3873
Cote d'Ivoire,1994,4,26.04502676532431,3065
Cote d'Ivoire,1994,5,28.325082614610636,2298
Cote d'Ivoire,1994,6,30.417144090526328,1661
Cote d'Ivoire,1994,7,32.39880026360788,1195
Cote d'Ivoire,1994,8,34.08480860033378,793
Cote d'Ivoire,1994,9,35.659353468120685,498
Cote d'Ivoire,1994,10,36.81217771189995,287
Cote d'Ivoire,1994,11,37.47690038874506,146
Cote d'Ivoire,1994,12,38.73864166958316,73
Cote d'Ivoire,1994,13,38.58427425975363,28
Cote d'Ivoire,1994,14,38.83373548755672,13
Cote d'Ivoire,1994,15,39.32637350296258,4
Cote d'Ivoire,1998,1,18.681896140230876,2048
Cote d'Ivoire,1998,2,21.555912157179915,1523
Cote d'Ivoire,1998,3,24.09756866365127,1175
Cote d'Ivoire,1998,4,26.51042541381459,893
Cote d'Ivoire,1998,5,28.694162968576133,676
Cote d'Ivoire,1998,6,30.75772890206996,483
Cote d'Ivoire,1998,7,33.044571585726764,333
Cote d'Ivoire,1998,8,34.848711561448205,214
Cote d'Ivoire,1998,9,36.537280554726955,128
Cote d'Ivoire,1998,10,37.9975441138406,60
Cote d'Ivoire,1998,11,39.36833419154497,29
Cote d'Ivoire,1998,12,38.43565338275038,9
Cote d'Ivoire,1998,13,40.129081759228725,3
Cote d'Ivoire,1998,14,40.5,1
Cote d'Ivoire,2011,1,19.217635013350403,7498
Cote d'Ivoire,2011,2,22.18864938706744,5905
Cote d'Ivoire,2011,3,24.72203734018614,4522
Cote d'Ivoire,2011,4,27.007549542538854,3410
Cote d'Ivoire,2011,5,29.348553425677647,2489
Cote d'Ivoire,2011,6,31.43957454649748,1719
Cote d'Ivoire,2011,7,33.468216215890344,1132
Cote d'Ivoire,2011,8,35.125975493577926,736
Cote d'Ivoire,2011,9,36.84886498350598,434
Cote d'Ivoire,2011,10,37.488706367002756,220
Cote d'Ivoire,2011,11,38.09041889768206,94
Cote d'Ivoire,2011,12,38.38645827171891,37
Cote d'Ivoire,2011,13,38.45671286500663,8
Cote d'Ivoire,2011,14,41.272296366424236,5
Cote d'Ivoire,2011,15,41.499391442483905,2
Cote d'Ivoire,2021,1,20.054033207832887,10942
Cote d'Ivoire,2021,2,23.285382991924305,8655
Cote d'Ivoire,2021,3,26.03570188790191,6721
Cote d'Ivoire,2021,4,28.347357177585025,4970
Cote d'Ivoire,2021,5,30.576812228625734,3460
Cote d'Ivoire,2021,6,32.36480001289297,2282
Cote d'Ivoire,2021,7,34.07283620350642,1410
Cote d'Ivoire,2021,8,35.44562570757938,800
Cote d'Ivoire,2021,9,36.53814052732398,395
Cote d'Ivoire,2021,10,37.77431319251221,216
Cote d'Ivoire,2021,11,38.11564766342778,75
Cote d'Ivoire,2021,12,38.988327654681974,29
Cote d'Ivoire,2021,13,37.76765886109148,10
Cote d'Ivoire,2021,14,41.12929321027969,5
Cote d'Ivoire,2021,15,38.998184196406775,2
Cote d'Ivoire,2021,16,39.35917939118028,2
Cote d'Ivoire,2021,17,41,1
Cote d'Ivoire,2021,18,41,1
Cote d'Ivoire,2021,19,45.583333333333336,1
Cote d'Ivoire,2021,20,48.166666666666664,1
Kenya,1993,1,19.005665385054133,5415
Kenya,1993,2,21.43052365887138,4481
Kenya,1993,3,23.655882276800927,3649
Kenya,1993,4,25.82563484031944,2943
Kenya,1993,5,27.981385282398055,2306
Kenya,1993,6,29.92093413151781,1725
Kenya,1993,7,31.804760618692764,1258
Kenya,1993,8,33.62764700586597,887
Kenya,1993,9,35.188040082964946,575
Kenya,1993,10,36.83298505110573,328
Kenya,1993,11,37.82207391068005,172
Kenya,1993,12,38.85677626342542,88
Kenya,1993,13,39.42684817318104,42
Kenya,1993,14,39.69572030504875,17
Kenya,1993,15,39.60177042051417,8
Kenya,1993,16,41.25458924671186,4
Kenya,1993,17,42.99999999999999,1
Kenya,1998,1,19.26096818378985,5717
Kenya,1998,2,21.73507543746921,4618
Kenya,1998,3,23.92286391114897,3626
Kenya,1998,4,26.036716139591967,2849
Kenya,1998,5,28.074342700840415,2159
Kenya,1998,6,30.26906251216858,1617
Kenya,1998,7,32.0662620120777,1108
Kenya,1998,8,33.80899910599256,749
Kenya,1998,9,35.55265326673879,474
Kenya,1998,10,36.66125367282604,247
Kenya,1998,11,37.466012218955576,108
Kenya,1998,12,39.404467453198095,55
Kenya,1998,13,40.16329179648676,17
Kenya,1998,14,41.170523976056735,5
Kenya,1998,15,40.458333333333336,2
Kenya,2003,1,19.522789370860576,5865
Kenya,2003,2,22.07946650493396,4603
Kenya,2003,3,24.50204981127223,3550
Kenya,2003,4,26.57887941376605,2624
Kenya,2003,5,28.73770332869553,1893
Kenya,2003,6,30.612306806889066,1344
Kenya,2003,7,32.43786112621464,920
Kenya,2003,8,34.05057965359239,601
Kenya,2003,9,35.55772873194289,339
Kenya,2003,10,37.116938268878485,194
Kenya,2003,11,38.30923653040793,79
Kenya,2003,12,39.96861285715712,41
Kenya,2003,13,40.694473850906796,12
Kenya,2003,14,40.29838360530552,7
Kenya,2003,15,42.5,1
Kenya,2003,16,43.416666666666664,1
Kenya,2008,1,19.628623176705954,6102
Kenya,2008,2,22.277092052414922,4920
Kenya,2008,3,24.820716469399773,3709
Kenya,2008,4,27.065172667432932,2669
Kenya,2008,5,28.93455756131755,1884
Kenya,2008,6,31.033430773725534,1320
Kenya,2008,7,32.91599773551361,846
Kenya,2008,8,34.99674335885098,521
Kenya,2008,9,36.08312620832103,289
Kenya,2008,10,37.44914014317367,148
Kenya,2008,11,38.66938853806813,73
Kenya,2008,12,40.100608259763874,32
Kenya,2008,13,40.68905185949173,13
Kenya,2008,14,39.790284166406174,4
Kenya,2008,15,42.17008423473076,4
Kenya,2014,1,20.02514935555764,23245
Kenya,2014,2,22.892081858324655,18819
Kenya,2014,3,25.394960281982833,14081
Kenya,2014,4,27.58580419110635,9963
Kenya,2014,5,29.62520726358148,6746
Kenya,2014,6,31.532758822227823,4534
Kenya,2014,7,33.38030475818779,2878
Kenya,2014,8,34.88145877985759,1672
Kenya,2014,9,36.37088546866688,882
Kenya,2014,10,37.49032119631499,461
Kenya,2014,11,38.77512621505381,210
Kenya,2014,12,39.34144598952679,72
Kenya,2014,13,39.484318546334514,22
Kenya,2014,14,41.769645986581594,5
Kenya,2014,15,46.583333333333336,1
Kenya,2022,1,20.47497288928892,23343
Kenya,2022,2,23.727329229915615,18224
Kenya,2022,3,26.371524006992228,13109
Kenya,2022,4,28.227190362767434,8735
Kenya,2022,5,29.980171544528435,5647
Kenya,2022,6,31.60319336840526,3583
Kenya,2022,7,33.187038106913164,2206
Kenya,2022,8,34.616707785418974,1269
Kenya,2022,9,36.09507842144539,706
Kenya,2022,10,37.01034683319302,338
Kenya,2022,11,38.956210794260926,145
Kenya,2022,12,40.899012615810065,55
Kenya,2022,13,41.20964498120278,16
Kenya,2022,14,41.55672906051572,4
Kenya,2022,15,43.083333333333336,1
Lesotho,2004,1,20.288680703716473,4832
Lesotho,2004,2,23.480597026693314,3472
Lesotho,2004,3,26.59751110017776,2418
Lesotho,2004,4,29.17971203000837,1616
Lesotho,2004,5,31.90732121832986,1051
Lesotho,2004,6,34.12761508293282,657
Lesotho,2004,7,36.26185442113186,355
Lesotho,2004,8,38.131666457094724,178
Lesotho,2004,9,38.909121150999134,79
Lesotho,2004,10,40.19957155778135,29
Lesotho,2004,11,41.12954119559826,14
Lesotho,2004,12,43.93391391060738,7
Lesotho,2009,1,20.549549395483258,5191
Lesotho,2009,2,23.854835044486002,3558
Lesotho,2009,3,26.94986309452334,2332
Lesotho,2009,4,29.700837261252282,1466
Lesotho,2009,5,32.32333715175134,859
Lesotho,2009,6,34.44958667832418,495
Lesotho,2009,7,35.90760887277439,265
Lesotho,2009,8,37.72806038079665,142
Lesotho,2009,9,39.248762157928915,72
Lesotho,2009,10,40.36162986050308,33
Lesotho,2009,11,40.994751694202975,11
Lesotho,2009,12,42.149074346457844,4
Lesotho,2009,13,45.916666666666664,1
Lesotho,2014,1,20.72165142382178,4540
Lesotho,2014,2,24.257576497680137,3087
Lesotho,2014,3,27.42269450435262,1860
Lesotho,2014,4,30.02031781019391,1030
Lesotho,2014,5,32.426533648216505,576
Lesotho,2014,6,34.5904406998196,314
Lesotho,2014,7,36.1492476386133,159
Lesotho,2014,8,37.29957850576483,80
Lesotho,2014,9,38.49718877312927,37
Lesotho,2014,10,39.5257159545632,17
Lesotho,2014,11,41.306072534455566,7
Lesotho,2014,12,40.85427060485443,3
Lesotho,2023,1,21.398370891878994,4446
Lesotho,2023,2,25.670942963783727,2920
Lesotho,2023,3,28.816611296833155,1595
Lesotho,2023,4,31.040112293862265,772
Lesotho,2023,5,32.96980844894519,376
Lesotho,2023,6,35.52160294347322,196
Lesotho,2023,7,36.30089425868719,84
Lesotho,2023,8,37.53756191338722,35
Lesotho,2023,9,38.24986049758045,14
Lesotho,2023,10,40.436331998260066,6
Lesotho,2023,11,46.75,1
Liberia,2007,1,19.122101515115006,5701
Liberia,2007,2,22.205430706177903,4502
Liberia,2007,3,25.01074839340135,3546
Liberia,2007,4,27.307890084253163,2678
Liberia,2007,5,29.504088443967973,1960
Liberia,2007,6,31.41311574138177,1379
Liberia,2007,7,33.10859162865723,959
Liberia,2007,8,34.77272002792498,602
Liberia,2007,9,36.30791204775224,371
Liberia,2007,10,37.7197680213499,227
Liberia,2007,11,39.38344761489705,126
Liberia,2007,12,40.942852907935894,53
Liberia,2007,13,40.381993868093026,11
Liberia,2007,14,42.12380981287231,6
Liberia,2007,15,45.41691578154788,2
Liberia,2013,1,18.88480729772971,7559
Liberia,2013,2,22.013449416556416,6141
Liberia,2013,3,24.668132558566036,4876
Liberia,2013,4,27.144569585564245,3763
Liberia,2013,5,29.303647612772938,2870
Liberia,2013,6,31.216041896439236,2057
Liberia,2013,7,32.80702428481875,1410
Liberia,2013,8,34.33259160437369,919
Liberia,2013,9,35.842122974942875,593
Liberia,2013,10,36.80348511134179,340
Liberia,2013,11,37.70050713289385,159
Liberia,2013,12,37.843691121755604,77
Liberia,2013,13,37.5407703403522,23
Liberia,2013,14,37.54446351883429,10
Liberia,2013,15,37.90098512706485,4
Liberia,2013,16,41.19970746520003,2
Liberia,2013,17,45.75,1
Liberia,2019,1,19.12861436450928,6408
Liberia,2019,2,22.483751623853816,5097
Liberia,2019,3,25.280838768928746,4001
Liberia,2019,4,27.766671882271883,3081
Liberia,2019,5,29.944629193159265,2285
Liberia,2019,6,31.81981646299736,1592
Liberia,2019,7,33.678138305036626,1064
Liberia,2019,8,35.02272879587819,618
Liberia,2019,9,36.00288316874098,330
Liberia,2019,10,37.65349086591419,174
Liberia,2019,11,38.687811493069404,76
Liberia,2019,12,39.75097866181513,23
Liberia,2019,13,39.60207213773268,8
Liberia,2019,14,37.845114980022565,4
Liberia,2019,15,37.223660897863,2
Liberia,2019,16,39.50437139449771,2
Madagascar,1992,1,18.944617236359804,4369
Madagascar,1992,2,21.181882428963974,3502
Madagascar,1992,3,23.330270433188268,2805
Madagascar,1992,4,25.331436283804457,2209
Madagascar,1992,5,27.25721647704353,1722
Madagascar,1992,6,29.14330642689481,1333
Madagascar,1992,7,31.03808736036029,1012
Madagascar,1992,8,32.7413994867023,747
Madagascar,1992,9,34.15663119456684,514
Madagascar,1992,10,35.71922202878081,336
Madagascar,1992,11,37.038408205823046,199
Madagascar,1992,12,38.46031555497089,107
Madagascar,1992,13,39.73667516381546,48
Madagascar,1992,14,39.399075914431265,15
Madagascar,1992,15,38.52589936446101,6
Madagascar,1992,16,39.93718270917476,4
Madagascar,1992,17,40.916666666666664,1
Madagascar,1992,18,43.333333333333336,1
Madagascar,1992,19,44.666666666666664,1
Madagascar,1997,1,19.154743352592167,5233
Madagascar,1997,2,21.392114035736572,4155
Madagascar,1997,3,23.534296808188905,3234
Madagascar,1997,4,25.561423920531535,2469
Madagascar,1997,5,27.530312904952357,1884
Madagascar,1997,6,29.313811192626346,1413
Madagascar,1997,7,31.171566940824746,1078
Madagascar,1997,8,32.99666361200021,825
Madagascar,1997,9,34.6761950333416,561
Madagascar,1997,10,36.05852996459267,376
Madagascar,1997,11,37.628933378086266,214
Madagascar,1997,12,38.23729918648656,113
Madagascar,1997,13,39.02488371650843,53
Madagascar,1997,14,39.5325480282628,28
Madagascar,1997,15,40.92166796529868,7
Madagascar,1997,16,41.40137134129847,4
Madagascar,1997,17,42.677536525818304,2
Madagascar,1997,18,44.62608766196393,2
Madagascar,1997,19,44.416666666666664,1
Madagascar,1997,20,46.833333333333336,1
Madagascar,2003,1,19.99932684143724,5845
Madagascar,2003,2,22.688997963262732,4593
Madagascar,2003,3,24.95891451095977,3314
Madagascar,2003,4,27.023005933853693,2302
Madagascar,2003,5,28.838250233582336,1621
Madagascar,2003,6,30.866902945305764,1126
Madagascar,2003,7,32.371333915142415,753
Madagascar,2003,8,34.18778527731815,514
Madagascar,2003,9,35.43311670349166,332
Madagascar,2003,10,36.663366361856504,198
Madagascar,2003,11,38.159590026963414,114
Madagascar,2003,12,39.81270789030919,56
Madagascar,2003,13,39.31232453051068,19
Madagascar,2003,14,40.684258749400854,8
Madagascar,2003,15,42.60048717410615,4
Madagascar,2008,1,19.732207060163493,12970
Madagascar,2008,2,22.522496917804137,10322
Madagascar,2008,3,25.022593921793632,7819
Madagascar,2008,4,27.206252209063695,5704
Madagascar,2008,5,29.210704660120637,4085
Madagascar,2008,6,31.125822622369146,2807
Madagascar,2008,7,32.801426793188185,1868
Madagascar,2008,8,34.48040981927887,1207
Madagascar,2008,9,35.78577836020692,771
Madagascar,2008,10,37.04162477016803,451
Madagascar,2008,11,38.25282437197969,248
Madagascar,2008,12,39.27915944276405,126
Madagascar,2008,13,40.12138691379046,51
Madagascar,2008,14,41.17327556078394,24
Madagascar,2008,15,41.73365971591761,7
Madagascar,2008,16,44.068969248206955,3
Madagascar,2008,17,47.916666666666664,1
Madagascar,2021,1,19.452106328746464,14317
Madagascar,2021,2,22.600460933978585,10934
Madagascar,2021,3,25.379705881569027,7854
Madagascar,2021,4,27.702163027832743,5331
Madagascar,2021,5,29.750031137034995,3555
Madagascar,2021,6,31.604202678405926,2334
Madagascar,2021,7,33.23059942077841,1490
Madagascar,2021,8,34.58958983491745,866
Madagascar,2021,9,35.94587235610788,490
Madagascar,2021,10,37.57812131548673,284
Madagascar,2021,11,38.844808479030696,145
Madagascar,2021,12,38.819945751369474,71
Madagascar,2021,13,38.720096198107576,29
Madagascar,2021,14,39.944668218515716,13
Madagascar,2021,15,40.3302812280832,6
Madagascar,2021,16,33.916666666666664,1
Malawi,1992,1,18.88348902386162,3718
Malawi,1992,2,21.426247553081662,3078
Malawi,1992,3,23.865547844959487,2527
Malawi,1992,4,26.233582389379308,2041
Malawi,1992,5,28.47119519490753,1587
Malawi,1992,6,30.781262772418398,1203
Malawi,1992,7,32.86671122041784,853
Malawi,1992,8,34.50361353086128,573
Malawi,1992,9,36.25449054345101,350
Malawi,1992,10,38.08389985781556,211
Malawi,1992,11,38.81555657000684,105
Malawi,1992,12,39.77080759818912,52
Malawi,1992,13,40.08869829933114,20
Malawi,1992,14,39.895938666702364,7
Malawi,1992,15,38.21699030924796,2
Malawi,1992,16,42.8224888827926,2
Malawi,1992,17,40.333333333333336,1
Malawi,2000,1,18.94802111651933,10337
Malawi,2000,2,21.491556859142996,8207
Malawi,2000,3,23.986818011414563,6379
Malawi,2000,4,26.432263864227533,4817
Malawi,2000,5,28.784962164935468,3633
Malawi,2000,6,31.14472139186813,2669
Malawi,2000,7,33.13834622502459,1814
Malawi,2000,8,35.09242862306036,1177
Malawi,2000,9,36.729405815081584,689
Malawi,2000,10,37.8816488258781,377
Malawi,2000,11,38.795410191185745,174
Malawi,2000,12,39.86671090291352,87
Malawi,2000,13,40.35544203121138,37
Malawi,2000,14,41.78689490678228,17
Malawi,2000,15,42.066048587985605,5
Malawi,2000,16,40.294185529337405,2
Malawi,2004,1,18.83506519313586,9298
Malawi,2004,2,21.40498817389596,7556
Malawi,2004,3,24.00011152396506,5839
Malawi,2004,4,26.55900069417026,4386
Malawi,2004,5,29.04300760523748,3164
Malawi,2004,6,31.363403437720137,2225
Malawi,2004,7,33.24428672906973,1467
Malawi,2004,8,35.09360615716676,945
Malawi,2004,9,36.744266658265154,547
Malawi,2004,10,38.34105521164374,277
Malawi,2004,11,39.5984216281894,116
Malawi,2004,12,40.28383177153746,46
Malawi,2004,13,40.118400267061325,10
Malawi,2004,14,39.45661314718116,5
Malawi,2004,15,41.583333333333336,1
Malawi,2004,16,43,1
Malawi,2010,1,18.846168026623662,18041
Malawi,2010,2,21.563503534115814,15172
Malawi,2010,3,24.17986686311528,12105
Malawi,2010,4,26.769554823768374,9190
Malawi,2010,5,29.318778840986237,6617
Malawi,2010,6,31.501557300209782,4596
Malawi,2010,7,33.57205983104721,2999
Malawi,2010,8,35.33632025263098,1790
Malawi,2010,9,36.93020956912629,983
Malawi,2010,10,38.070909531902224,484
Malawi,2010,11,39.31627562393244,200
Malawi,2010,12,39.93352557512437,80
Malawi,2010,13,41.54505189445138,24
Malawi,2010,14,41.723176003233434,12
Malawi,2010,15,42.21542168924753,4
Malawi,2010,16,43.55991720999883,3
Malawi,2010,17,44,1
Malawi,2016,1,18.98591399510488,18988
Malawi,2016,2,21.884057589925444,15211
Malawi,2016,3,24.76657476211688,11690
Malawi,2016,4,27.49309159510966,8499
Malawi,2016,5,29.98855073482379,5826
Malawi,2016,6,32.25411851991449,3651
Malawi,2016,7,34.08425960739171,2135
Malawi,2016,8,35.65681708437812,1164
Malawi,2016,9,37.235876224955994,540
Malawi,2016,10,38.7788119371846,240
Malawi,2016,11,39.26857339108825,86
Malawi,2016,12,40.22836418803833,33
Malawi,2016,13,40.4606512904548,7
Malawi,2016,14,43.71554836383625,3
Malawi,2016,15,43.416666666666664,1
Mali,1995,1,18.810809401138716,7935
Mali,1995,2,21.208726708624994,6727
Mali,1995,3,23.46907794138007,5674
Mali,1995,4,25.639512655242093,4691
Mali,1995,5,27.672913861301595,3806
Mali,1995,6,29.73724937705641,3007
Mali,1995,7,31.670730510086624,2248
Mali,1995,8,33.46082287815418,1595
Mali,1995,9,35.29267882810417,1060
Mali,1995,10,36.83766961648766,628
Mali,1995,11,38.275825625875534,337
Mali,1995,12,39.11596833347426,124
Mali,1995,13,39.63005631995166,56
Mali,1995,14,40.90766597359621,24
Mali,1995,15,38.8684986141609,5
Mali,1995,16,38.087723199602095,3
Mali,1995,17,35.583333333333336,1
Mali,2001,1,18.722323161291072,10379
Mali,2001,2,21.194327293077908,8721
Mali,2001,3,23.50179976753401,7251
Mali,2001,4,25.781606304216304,5988
Mali,2001,5,27.902759418431682,4789
Mali,2001,6,29.95023332568786,3742
Mali,2001,7,32.00848648208155,2823
Mali,2001,8,33.984498752964484,2038
Mali,2001,9,35.6365280081765,1295
Mali,2001,10,37.1617971252263,746
Mali,2001,11,38.36038703079853,388
Mali,2001,12,39.39261168090945,169
Mali,2001,13,40.57929415077879,50
Mali,2001,14,40.59232405440764,15
Mali,2001,15,40.94986358668241,8
Mali,2001,16,41.996346490070344,5
Mali,2006,1,18.699083679652993,11566
Mali,2006,2,21.189746109929217,9732
Mali,2006,3,23.50738062599055,8021
Mali,2006,4,25.737222180428777,6473
Mali,2006,5,27.91836438315579,5084
Mali,2006,6,30.01418476370249,3908
Mali,2006,7,32.035067340211306,2844
Mali,2006,8,33.861043847392956,1952
Mali,2006,9,35.35141429981884,1233
Mali,2006,10,37.042182117649006,755
Mali,2006,11,38.44648765169548,356
Mali,2006,12,39.376878587939416,161
Mali,2006,13,39.68915534819398,41
Mali,2006,14,41.6712706597484,12
Mali,2006,15,40,1
Mali,2006,16,42.083333333333336,1
Mali,2012,1,19.211518079472572,8480
Mali,2012,2,22.045490084819857,7101
Mali,2012,3,24.56516482357244,5705
Mali,2012,4,26.877034689451722,4368
Mali,2012,5,28.98633073273419,3150
Mali,2012,6,30.962834088963,2063
Mali,2012,7,32.47000350235666,1300
Mali,2012,8,34.102697319917134,788
Mali,2012,9,35.50568374209466,452
Mali,2012,10,36.89418697318563,241
Mali,2012,11,38.051553735516364,106
Mali,2012,12,40.05920965645936,35
Mali,2012,13,39.45569729253654,10
Mali,2012,14,39.238798933511774,3
Mali,2012,15,37.333333333333336,1
Mali,2018,1,19.172111532116666,8143
Mali,2018,2,21.89383850064595,6719
Mali,2018,3,24.370281379970752,5413
Mali,2018,4,26.639299347919536,4214
Mali,2018,5,28.805354832604422,3135
Mali,2018,6,30.83508780600787,2206
Mali,2018,7,32.72207503999601,1492
Mali,2018,8,34.536361957980425,954
Mali,2018,9,36.076610850563306,573
Mali,2018,10,37.51600563423172,307
Mali,2018,11,38.54466924750333,142
Mali,2018,12,39.32312327242401,55
Mali,2018,13,40.61289364217224,16
Mali,2018,14,40.623591873409076,7
Mali,2018,15,44.36338031616301,2
Mali,2018,16,48,1
Mauritania,2021,1,20.739140543789304,10039
Mauritania,2021,2,23.382668000544996,8157
Mauritania,2021,3,25.8892564163476,6437
Mauritania,2021,4,28.104741253819473,4932
Mauritania,2021,5,30.137809660722763,3631
Mauritania,2021,6,32.000641897092265,2546
Mauritania,2021,7,33.68718605880844,1697
Mauritania,2021,8,35.151012874418136,1067
Mauritania,2021,9,36.43175974075745,631
Mauritania,2021,10,37.379282189568144,345
Mauritania,2021,11,38.749051380098855,183
Mauritania,2021,12,39.431863380557246,83
Mauritania,2021,13,40.423547776644774,33
Mauritania,2021,14,42.60497690713088,8
Mauritania,2021,15,44.818503119650146,2
Mauritania,2021,16,46.33333333333334,1
Mauritania,2021,17,48.416666666666664,1
Mozambique,1997,1,18.90787975507155,6798
Mozambique,1997,2,21.620991603219764,5370
Mozambique,1997,3,24.055445441275282,4139
Mozambique,1997,4,26.324086825131864,3117
Mozambique,1997,5,28.637468871181543,2268
Mozambique,1997,6,30.656777301413506,1599
Mozambique,1997,7,32.347934984770184,1056
Mozambique,1997,8,34.00610748596003,657
Mozambique,1997,9,35.18371143958861,367
Mozambique,1997,10,36.29144049502525,220
Mozambique,1997,11,37.699075291636,94
Mozambique,1997,12,39.626864412136285,48
Mozambique,1997,13,39.36691580564101,13
Mozambique,1997,14,40.27491984344614,4
Mozambique,1997,15,42.01563716301689,2
Mozambique,2003,1,18.769935175918853,9732
Mozambique,2003,2,21.412665030664414,7706
Mozambique,2003,3,23.995933458041478,5959
Mozambique,2003,4,26.385111583144177,4529
Mozambique,2003,5,28.74023495405592,3359
Mozambique,2003,6,30.534212030429888,2327
Mozambique,2003,7,32.488120731407214,1599
Mozambique,2003,8,34.4297559035198,1024
Mozambique,2003,9,35.71489918825154,609
Mozambique,2003,10,37.03394305427377,337
Mozambique,2003,11,38.598795952838636,161
Mozambique,2003,12,39.73913386918218,69
Mozambique,2003,13,40.30257903156181,22
Mozambique,2003,14,39.70110707647404,7
Mozambique,2003,15,39.23659942776678,3
Mozambique,2011,1,19.166931163635013,10624
Mozambique,2011,2,22.096080479009025,8350
Mozambique,2011,3,24.864838632759717,6360
Mozambique,2011,4,27.5078332885254,4650
Mozambique,2011,5,29.91020144420174,3207
Mozambique,2011,6,31.945054230164313,2105
Mozambique,2011,7,33.77064642402987,1300
Mozambique,2011,8,35.16841309790415,707
Mozambique,2011,9,36.66661784514945,380
Mozambique,2011,10,38.224909979972544,176
Mozambique,2011,11,39.3196451988951,78
Mozambique,2011,12,38.1346806632831,25
Mozambique,2011,13,39.43798831668553,14
Mozambique,2011,14,39.30497676487895,5
Mozambique,2011,15,42.869407809006226,3
Mozambique,2022,1,18.98540785325502,9956
Mozambique,2022,2,22.16403162099496,7773
Mozambique,2022,3,25.13586951829734,5754
Mozambique,2022,4,28.00394525787362,4036
Mozambique,2022,5,30.435771111706586,2675
Mozambique,2022,6,32.50817251930897,1666
Mozambique,2022,7,34.250626815998956,987
Mozambique,2022,8,35.82783107603903,560
Mozambique,2022,9,37.62457379603865,283
Mozambique,2022,10,39.81220768295673,131
Mozambique,2022,11,40.861178100555954,55
Mozambique,2022,12,40.66622492611243,17
Mozambique,2022,13,41.12479982008351,5
Mozambique,2022,14,38.333333333333336,1
Mozambique,2022,15,41.833333333333336,1
Namibia,1992,1,20.537731782291424,3710
Namibia,1992,2,23.415594055856623,2736
Namibia,1992,3,25.906080253928184,2094
Namibia,1992,4,28.21849759923419,1527
Namibia,1992,5,30.293875178283926,1106
Namibia,1992,6,32.30014931594218,814
Namibia,1992,7,34.361406580473336,563
Namibia,1992,8,36.0090232304522,363
Namibia,1992,9,37.25496946033926,232
Namibia,1992,10,38.14300960782808,123
Namibia,1992,11,39.62873246657551,62
Namibia,1992,12,40.61447227971914,29
Namibia,1992,13,40.54090426585892,8
Namibia,1992,14,40.4375,4
Namibia,1992,15,44.333333333333336,1
Namibia,2000,1,20.723991635557383,4780
Namibia,2000,2,24.044640557573135,3476
Namibia,2000,3,26.71738901929629,2426
Namibia,2000,4,29.010951186225828,1619
Namibia,2000,5,30.945448108003937,1023
Namibia,2000,6,33.037122201389735,693
Namibia,2000,7,34.75750616057605,437
Namibia,2000,8,36.11363509438946,241
Namibia,2000,9,37.316978568605414,133
Namibia,2000,10,38.87000136818712,71
Namibia,2000,11,39.496469928822854,31
Namibia,2000,12,37.63601503734573,9
Namibia,2000,13,40.15720456720981,4
Namibia,2000,14,37.75,1
Namibia,2000,15,40.333333333333336,1
Namibia,2000,16,42.833333333333336,1
Namibia,2006,1,20.862701070842785,6636
Namibia,2006,2,24.261206577407588,4730
Namibia,2006,3,27.187850909207,3142
Namibia,2006,4,29.560522815898167,2031
Namibia,2006,5,31.54575659036316,1273
Namibia,2006,6,33.34899344230779,800
Namibia,2006,7,35.063485794323434,454
Namibia,2006,8,36.437936034106386,237
Namibia,2006,9,38.02871278513553,130
Namibia,2006,10,39.4693828925116,60
Namibia,2006,11,41.03955722009392,20
Namibia,2006,12,41.33043381945022,6
Namibia,2006,13,41.013783317384,3
Namibia,2013,1,21.076655217252483,6453
Namibia,2013,2,24.906331185800877,4611
Namibia,2013,3,27.801584672952,2981
Namibia,2013,4,29.97856694521474,1788
Namibia,2013,5,31.974854747834613,1043
Namibia,2013,6,33.97441632885433,600
Namibia,2013,7,35.30195066228811,322
Namibia,2013,8,37.12000000237783,175
Namibia,2013,9,37.72635685068514,66
Namibia,2013,10,38.88452139201219,34
Namibia,2013,11,39.94918148060583,12
Namibia,2013,12,40.02767379409906,4
Namibia,2013,13,35.75,1
Niger,1992,1,17.989064961012335,5068
Niger,1992,2,20.29471382343429,4350
Niger,1992,3,22.493415226768622,3646
Niger,1992,4,24.684259364128664,2978
Niger,1992,5,26.744477205553338,2378
Niger,1992,6,28.85557466401483,1832
Niger,1992,7,30.98171720855681,1348
Niger,1992,8,32.93195080248716,934
Niger,1992,9,34.82612248004695,611
Niger,1992,10,36.365576201983785,375
Niger,1992,11,37.78262279975784,184
Niger,1992,12,39.28388428840478,86
Niger,1992,13,39.73528256898839,34
Niger,1992,14,42.32950594230502,13
Niger,1992,15,43.47416687021902,3
Niger,1992,16,42.75,1
Niger,1998,1,18.00691934438575,5921
Niger,1998,2,20.369649148037603,4986
Niger,1998,3,22.699494521783723,4226
Niger,1998,4,25.03099691281973,3597
Niger,1998,5,27.28018469254529,2957
Niger,1998,6,29.440227754615776,2377
Niger,1998,7,31.467070956658475,1800
Niger,1998,8,33.35032126378772,1298
Niger,1998,9,35.047219004946,833
Niger,1998,10,36.889009843024795,495
Niger,1998,11,38.02273015493923,235
Niger,1998,12,39.430336484035315,101
Niger,1998,13,40.912846637746796,41
Niger,1998,14,40.186174192774,13
Niger,1998,15,42.020919215225895,6
Niger,1998,16,46.66666666666666,2
Niger,2006,1,18.222316458296252,7205
Niger,2006,2,20.639671024839057,6191
Niger,2006,3,22.89436520137422,5192
Niger,2006,4,25.133996925768958,4295
Niger,2006,5,27.305371283449198,3435
Niger,2006,6,29.435156868858282,2672
Niger,2006,7,31.428666777840768,1989
Niger,2006,8,33.445145614789574,1422
Niger,2006,9,35.03010436363422,931
Niger,2006,10,36.304871374793365,563
Niger,2006,11,37.267954731600724,281
Niger,2006,12,38.08531624358392,123
Niger,2006,13,38.04178691377472,45
Niger,2006,14,39.21447586515183,21
Niger,2006,15,40.117139566956446,9
Niger,2006,16,40.09661302633383,3
Niger,2006,17,48.666666666666664,1
Niger,2012,1,18.614245460131045,9209
Niger,2012,2,20.999376133409505,8068
Niger,2012,3,23.324511476509475,6799
Niger,2012,4,25.526843987758838,5605
Niger,2012,5,27.650413426310276,4488
Niger,2012,6,29.625980378455196,3444
Niger,2012,7,31.607024625537736,2509
Niger,2012,8,33.47478973945121,1706
Niger,2012,9,35.09280443936399,1098
Niger,2012,10,36.459889345204644,642
Niger,2012,11,37.90913613148404,360
Niger,2012,12,39.55191783182203,176
Niger,2012,13,39.15145178566918,46
Niger,2012,14,39.527858332585524,22
Niger,2012,15,39.361260207483454,9
Niger,2012,16,39.221005350866264,2
Nigeria,1990,1,19.20191578019929,6477
Nigeria,1990,2,21.582563154567517,5451
Nigeria,1990,3,23.825726498698675,4467
Nigeria,1990,4,25.8813069275641,3565
Nigeria,1990,5,27.89661636100301,2746
Nigeria,1990,6,29.797449997183165,2005
Nigeria,1990,7,31.7792586711686,1408
Nigeria,1990,8,33.65268140236137,932
Nigeria,1990,9,34.84636458492277,546
Nigeria,1990,10,36.46278747005737,301
Nigeria,1990,11,38.187191799652524,128
Nigeria,1990,12,37.8867006542113,62
Nigeria,1990,13,38.98698070763286,27
Nigeria,1990,14,37.49008567167617,6
Nigeria,1990,15,45.01591938199847,2
Nigeria,1999,1,19.32606962128008,5621
Nigeria,1999,2,21.873646525058938,4675
Nigeria,1999,3,24.20720489446135,3789
Nigeria,1999,4,26.40142001221132,2939
Nigeria,1999,5,28.28649068646192,2176
Nigeria,1999,6,30.183941030785924,1524
Nigeria,1999,7,31.841336365808992,1066
Nigeria,1999,8,33.419967433484395,691
Nigeria,1999,9,34.778758143031666,392
Nigeria,1999,10,36.33034907537714,233
Nigeria,1999,11,37.13781563181632,98
Nigeria,1999,12,38.31353342426967,46
Nigeria,1999,13,39.07433058453451,15
Nigeria,1999,14,40.47454902178022,10
Nigeria,1999,15,40.97380977295154,2
Nigeria,2003,1,18.87489756168801,5111
Nigeria,2003,2,21.259504455905795,4240
Nigeria,2003,3,23.41959496542473,3523
Nigeria,2003,4,25.506815311738936,2877
Nigeria,2003,5,27.48970407480073,2239
Nigeria,2003,6,29.282897594811995,1696
Nigeria,2003,7,31.09089237132603,1261
Nigeria,2003,8,32.7437818461775,885
Nigeria,2003,9,34.298606758097236,584
Nigeria,2003,10,35.589062592551144,344
Nigeria,2003,11,36.95163643878263,170
Nigeria,2003,12,37.72765907810717,69
Nigeria,2003,13,38.48981843100728,28
Nigeria,2003,14,40.332347247541094,11
Nigeria,2008,1,19.802525925503613,23751
Nigeria,2008,2,22.226184803463077,20113
Nigeria,2008,3,24.470447008257363,16575
Nigeria,2008,4,26.575468385194256,13163
Nigeria,2008,5,28.555785458003037,10084
Nigeria,2008,6,30.36757547109249,7387
Nigeria,2008,7,32.08930991021975,5274
Nigeria,2008,8,33.75652173175332,3606
Nigeria,2008,9,35.228129016102564,2252
Nigeria,2008,10,36.770285856617946,1362
Nigeria,2008,11,37.80608138938449,709
Nigeria,2008,12,39.11920834916223,349
Nigeria,2008,13,39.938580136147124,106
Nigeria,2008,14,39.99510575636765,48
Nigeria,2008,15,40.0102625306155,19
Nigeria,2008,16,42.44407001652789,7
Nigeria,2008,17,42.875,2
Nigeria,2008,18,45.083333333333336,1
Nigeria,2013,1,19.792270177198553,27451
Nigeria,2013,2,22.267121094397677,23052
Nigeria,2013,3,24.56516081293277,19040
Nigeria,2013,4,26.73988233537765,15202
Nigeria,2013,5,28.65099034479803,11551
Nigeria,2013,6,30.503110379596446,8382
Nigeria,2013,7,32.22741481307082,5801
Nigeria,2013,8,33.82017890066626,3813
Nigeria,2013,9,35.33920264479809,2400
Nigeria,2013,10,36.908568264398305,1412
Nigeria,2013,11,38.03487563930116,735
Nigeria,2013,12,39.39737045500746,367
Nigeria,2013,13,40.04585025844217,107
Nigeria,2013,14,40.27622169298779,44
Nigeria,2013,15,40.32635129391197,17
Nigeria,2013,16,39.378472082180394,7
Nigeria,2013,17,39.56690024609797,4
Nigeria,2013,18,44.666666666666664,1
Nigeria,2018,1,20.174564677789046,29992
Nigeria,2018,2,22.65855486914475,25343
Nigeria,2018,3,24.839409228853896,20584
Nigeria,2018,4,26.87302872438086,16157
Nigeria,2018,5,28.800509067561585,12091
Nigeria,2018,6,30.532727640641,8659
Nigeria,2018,7,32.19342792438422,5880
Nigeria,2018,8,33.90910927804962,3829
Nigeria,2018,9,35.51550338239923,2363
Nigeria,2018,10,36.90199112920713,1378
Nigeria,2018,11,38.12049570001177,729
Nigeria,2018,12,39.33970639402328,337
Nigeria,2018,13,39.87384937661995,133
Nigeria,2018,14,39.53984725682307,44
Nigeria,2018,15,40.15011759907988,19
Nigeria,2018,16,42.193544185765184,6
Nigeria,2018,17,38.833333333333336,1
Rwanda,1992,1,21.131647727972997,4292
Rwanda,1992,2,23.470519731403293,3577
Rwanda,1992,3,25.68647712812564,2965
Rwanda,1992,4,27.92221132098147,2442
Rwanda,1992,5,30.055598249924685,1950
Rwanda,1992,6,32.107360087961325,1466
Rwanda,1992,7,33.99368182286919,1076
Rwanda,1992,8,35.95983436806686,757
Rwanda,1992,9,37.6708867638569,466
Rwanda,1992,10,39.016683321132476,255
Rwanda,1992,11,40.15224185902784,114
Rwanda,1992,12,40.994548339355845,51
Rwanda,1992,13,39.99955484909077,15
Rwanda,1992,14,39.735329648864365,8
Rwanda,1992,15,40.52940251242813,4
Rwanda,1992,16,37.910546415554464,2
Rwanda,2000,1,21.55199529742554,6539
Rwanda,2000,2,24.005410044543353,5453
Rwanda,2000,3,26.454713481643825,4392
Rwanda,2000,4,28.822112294763844,3422
Rwanda,2000,5,31.132894339594507,2658
Rwanda,2000,6,33.164807352287625,1948
Rwanda,2000,7,35.230519883468425,1382
Rwanda,2000,8,36.77420542909279,897
Rwanda,2000,9,38.016849075015344,490
Rwanda,2000,10,39.07379446105002,247
Rwanda,2000,11,39.72720617576213,111
Rwanda,2000,12,41.114475680845686,48
Rwanda,2000,13,40.39203285416879,10
Rwanda,2000,14,39.31434695088351,4
Rwanda,2000,15,41.916666666666664,1
Rwanda,2005,1,21.570701495800538,7045
Rwanda,2005,2,24.017650111972472,5938
Rwanda,2005,3,26.415248705501956,4851
Rwanda,2005,4,28.764160206970768,3845
Rwanda,2005,5,31.053560550885862,2874
Rwanda,2005,6,33.30421384719079,2119
Rwanda,2005,7,35.303794035241445,1491
Rwanda,2005,8,36.965661083425346,916
Rwanda,2005,9,38.482065981432505,541
Rwanda,2005,10,39.552148660033204,275
Rwanda,2005,11,40.42344998503907,104
Rwanda,2005,12,40.89085923666206,49
Rwanda,2005,13,41.868589720656914,14
Rwanda,2005,14,38.05576958478255,4
Rwanda,2005,15,35.597888666171485,2
Rwanda,2005,16,38.27625620467111,2
Rwanda,2005,17,42.41703401426566,2
Rwanda,2008,1,21.78164606994217,4686
Rwanda,2008,2,24.341428630147245,3859
Rwanda,2008,3,26.859604218684964,3072
Rwanda,2008,4,29.234402105591936,2339
Rwanda,2008,5,31.603370239650438,1690
Rwanda,2008,6,33.71412963036286,1169
Rwanda,2008,7,35.57518800230904,753
Rwanda,2008,8,37.17781085044589,440
Rwanda,2008,9,38.49354811760481,239
Rwanda,2008,10,39.53477524307469,110
Rwanda,2008,11,40.66608271397311,41
Rwanda,2008,12,40.83798939788194,16
Rwanda,2008,13,40.466838177055735,3
Rwanda,2008,14,40.31896853144513,2
Rwanda,2008,15,42.94563869458814,2
Rwanda,2010,1,21.897016358929605,8501
Rwanda,2010,2,24.37934501540628,6824
Rwanda,2010,3,26.843968866699466,5349
Rwanda,2010,4,29.280601560209455,4111
Rwanda,2010,5,31.541924195727635,2980
Rwanda,2010,6,33.68022857926312,2068
Rwanda,2010,7,35.64564369170518,1328
Rwanda,2010,8,37.20649688101766,780
Rwanda,2010,9,38.39013118074059,407
Rwanda,2010,10,39.894516401101754,187
Rwanda,2010,11,40.6933588362438,72
Rwanda,2010,12,41.61886494704965,23
Rwanda,2010,13,42.221255489851856,6
Rwanda,2010,14,42.53646094795546,2
Rwanda,2010,15,38.583333333333336,1
Rwanda,2014,1,22.16774677272672,8736
Rwanda,2014,2,24.84686233952194,6796
Rwanda,2014,3,27.294917445334793,4993
Rwanda,2014,4,29.664428351905368,3608
Rwanda,2014,5,31.781927681493947,2460
Rwanda,2014,6,33.767981481632575,1572
Rwanda,2014,7,35.514744075744375,961
Rwanda,2014,8,36.89274962522857,513
Rwanda,2014,9,38.13876708944317,247
Rwanda,2014,10,39.12764901569364,105
Rwanda,2014,11,40.12626759936545,44
Rwanda,2014,12,41.610619424372175,17
Rwanda,2014,13,43.25937721224236,5
Rwanda,2014,14,42.50000000000001,1
Rwanda,2019,1,22.625243813039976,9214
Rwanda,2019,2,25.53837872037086,7297
Rwanda,2019,3,28.280082236258735,5349
Rwanda,2019,4,30.590801796305303,3650
Rwanda,2019,5,32.63072451215037,2365
Rwanda,2019,6,34.49592470713071,1465
Rwanda,2019,7,36.33019489963499,815
Rwanda,2019,8,37.639674591330284,390
Rwanda,2019,9,38.51185174841913,173
Rwanda,2019,10,39.41944149649691,70
Rwanda,2019,11,41.50844402299897,25
Rwanda,2019,12,40.18140884589728,7
Sao Tome and Principe,2008,1,19.604473090419283,2014
Sao Tome and Principe,2008,2,22.555170637073434,1680
Sao Tome and Principe,2008,3,25.538239392739296,1300
Sao Tome and Principe,2008,4,28.05667983182428,950
Sao Tome and Principe,2008,5,30.43317693401836,634
Sao Tome and Principe,2008,6,32.27937160142736,420
Sao Tome and Principe,2008,7,34.19592436855568,279
Sao Tome and Principe,2008,8,35.886076100398846,170
Sao Tome and Principe,2008,9,37.13162859746045,96
Sao Tome and Principe,2008,10,38.2011038530488,49
Sao Tome and Principe,2008,11,38.26649333110417,19
Sao Tome and Principe,2008,12,40.70873970586171,8
Sao Tome and Principe,2008,13,41.333333333333336,1
Senegal,1992,1,19.007351860020584,4534
Senegal,1992,2,21.44684320375685,3833
Senegal,1992,3,23.717053032708797,3149
Senegal,1992,4,26.01292882744496,2604
Senegal,1992,5,28.319662387066096,2103
Senegal,1992,6,30.499284692417742,1631
Senegal,1992,7,32.50439342403628,1176
Senegal,1992,8,34.2536231884058,805
Senegal,1992,9,35.71719160104987,508
Senegal,1992,10,37.29779411764706,272
Senegal,1992,11,38.403688524590166,122
Senegal,1992,12,39.34775641025641,52
Senegal,1992,13,39.43421052631579,19
Senegal,1992,14,41.733333333333334,5
Senegal,1992,15,40.75,2
Senegal,1997,1,19.443436432445417,6097
Senegal,1997,2,21.996264291606657,5082
Senegal,1997,3,24.320523196556337,4177
Senegal,1997,4,26.671462756029516,3431
Senegal,1997,5,28.965455489236412,2703
Senegal,1997,6,31.199234114493766,2090
Senegal,1997,7,33.22100129785949,1540
Senegal,1997,8,35.13903447519345,1039
Senegal,1997,9,36.711929645767235,652
Senegal,1997,10,38.0922385755424,359
Senegal,1997,11,38.837304306376225,167
Senegal,1997,12,39.58036758325027,67
Senegal,1997,13,40.161227173347164,32
Senegal,1997,14,40.50296704885486,8
Senegal,1997,15,42.40987845904505,3
Senegal,1997,16,44.333333333333336,1
Senegal,2005,1,19.923605088342068,9593
Senegal,2005,2,22.397828624127186,7789
Senegal,2005,3,24.811963543908394,6208
Senegal,2005,4,27.039452307691505,4889
Senegal,2005,5,29.283338769390504,3783
Senegal,2005,6,31.35181651011673,2833
Senegal,2005,7,33.11453619816187,1989
Senegal,2005,8,34.938864358589534,1303
Senegal,2005,9,36.32109791142268,777
Senegal,2005,10,37.725185343127094,431
Senegal,2005,11,38.997982866607025,201
Senegal,2005,12,40.28692939146301,74
Senegal,2005,13,41.31935809073107,19
Senegal,2005,14,42.12440016402058,6
Senegal,2010,1,20.12920633890464,10652
Senegal,2010,2,22.657478181922666,8544
Senegal,2010,3,24.97661455027003,6784
Senegal,2010,4,27.164127799716066,5266
Senegal,2010,5,29.20353601062746,3986
Senegal,2010,6,31.260856531221883,2844
Senegal,2010,7,33.054325865408984,1931
Senegal,2010,8,34.58093587730317,1221
Senegal,2010,9,35.99396184239269,713
Senegal,2010,10,37.201655963196174,358
Senegal,2010,11,37.92260181138079,145
Senegal,2010,12,38.542810841030075,48
Senegal,2010,13,40.526375532019486,11
Senegal,2010,14,39.43116614710036,3
Senegal,2010,15,38.401088629152866,2
Senegal,2010,16,38.75,1
Senegal,2010,17,39.833333333333336,1
Senegal,2012,1,20.391608960996763,5650
Senegal,2012,2,23.022668605040586,4584
Senegal,2012,3,25.457399155062088,3641
Senegal,2012,4,27.754427105856365,2757
Senegal,2012,5,29.86970514749795,2062
Senegal,2012,6,32.17717384550119,1503
Senegal,2012,7,33.991837151485846,1032
Senegal,2012,8,35.91704349138184,665
Senegal,2012,9,37.75274379324241,378
Senegal,2012,10,39.15379488494199,191
Senegal,2012,11,40.54701229266513,65
Senegal,2012,12,42.11200035325369,26
Senegal,2012,13,43.88011205707953,7
Senegal,2012,14,40.166666666666664,1
Senegal,2012,15,41,1
Senegal,2014,1,20.773022243802917,5733
Senegal,2014,2,23.44713378422705,4600
Senegal,2014,3,25.850901362181823,3663
Senegal,2014,4,28.078883869798283,2788
Senegal,2014,5,30.285719411732302,2010
Senegal,2014,6,32.479897338500145,1416
Senegal,2014,7,34.51813686859043,931
Senegal,2014,8,35.999440026556144,605
Senegal,2014,9,37.458339578873534,338
Senegal,2014,10,38.86784438086121,164
Senegal,2014,11,40.51173955401731,78
Senegal,2014,12,41.9338414372876,28
Senegal,2014,13,40.41909388226104,7
Senegal,2014,14,41.62518931453461,4
Senegal,2015,1,20.510439311797782,5906
Senegal,2015,2,23.259706162928275,4781
Senegal,2015,3,25.772046695936844,3796
Senegal,2015,4,28.20041782138309,2950
Senegal,2015,5,30.36783426320972,2126
Senegal,2015,6,32.42234757250274,1501
Senegal,2015,7,34.391365379482146,991
Senegal,2015,8,35.920701365529005,594
Senegal,2015,9,37.3998158339521,355
Senegal,2015,10,38.75431657305519,164
Senegal,2015,11,39.45210077939118,59
Senegal,2015,12,40.952095097375434,21
Senegal,2015,13,41.61277415626242,6
Senegal,2016,1,20.956770353625636,5836
Senegal,2016,2,23.57522804237042,4682
Senegal,2016,3,26.077404957882358,3728
Senegal,2016,4,28.20249339536867,2814
Senegal,2016,5,30.380250818412414,2094
Senegal,2016,6,32.424166899310435,1493
Senegal,2016,7,34.528954781177255,977
Senegal,2016,8,36.23191333179031,583
Senegal,2016,9,38.25103704890349,304
Senegal,2016,10,39.5831455796355,149
Senegal,2016,11,40.200326212315424,56
Senegal,2016,12,42.07879428866248,18
Senegal,2016,13,42.11367055710564,5
Senegal,2016,14,40.083333333333336,1
Senegal,2017,1,20.98520149939163,11111
Senegal,2017,2,23.617804680609318,8829
Senegal,2017,3,26.11859020698089,7019
Senegal,2017,4,28.36157396206461,5401
Senegal,2017,5,30.541596687489623,3951
Senegal,2017,6,32.56492214882728,2768
Senegal,2017,7,34.4370910025479,1816
Senegal,2017,8,36.02332787231405,1064
Senegal,2017,9,37.72907333435291,553
Senegal,2017,10,38.92954578992795,267
Senegal,2017,11,39.98014508381057,109
Senegal,2017,12,40.7062383051706,40
Senegal,2017,13,42.92295579491377,13
Senegal,2017,14,43.446489056817526,3
Senegal,2018,1,21.257612439114666,6193
Senegal,2018,2,23.859491020269502,4977
Senegal,2018,3,26.360122813430877,3926
Senegal,2018,4,28.59929328970297,3000
Senegal,2018,5,30.920500222763508,2194
Senegal,2018,6,32.937597361826384,1547
Senegal,2018,7,34.60088114988817,1002
Senegal,2018,8,36.05916641467942,577
Senegal,2018,9,37.582014578502275,285
Senegal,2018,10,39.40266524258037,143
Senegal,2018,11,40.232331392234585,46
Senegal,2018,12,41.98779818455207,18
Senegal,2018,13,43.535512822172414,4
Senegal,2018,14,47.083333333333336,1
Senegal,2019,1,21.16102190771251,5733
Senegal,2019,2,23.769180039350495,4549
Senegal,2019,3,26.29026939314737,3556
Senegal,2019,4,28.57890402805096,2701
Senegal,2019,5,30.7482636834038,1937
Senegal,2019,6,32.81981206122129,1330
Senegal,2019,7,34.84935140851834,839
Senegal,2019,8,36.4690863882133,489
Senegal,2019,9,38.07798421303585,249
Senegal,2019,10,39.368440992452825,114
Senegal,2019,11,39.994521065035045,45
Senegal,2019,12,41.346913491321665,18
Senegal,2019,13,40.84805164882871,2
Senegal,2023,1,20.962666825361346,10718
Senegal,2023,2,23.759882175589954,8528
Senegal,2023,3,26.367512689635006,6602
Senegal,2023,4,28.68354195344723,4943
Senegal,2023,5,30.57367303029574,3498
Senegal,2023,6,32.46064276851659,2349
Senegal,2023,7,34.28929395379222,1444
Senegal,2023,8,35.670182160797175,783
Senegal,2023,9,36.70306959409061,371
Senegal,2023,10,37.369501641761886,154
Senegal,2023,11,38.27287072484843,61
Senegal,2023,12,38.80223056153345,23
Senegal,2023,13,38.68196573261864,11
Senegal,2023,14,37.90367453032885,4
Senegal,2023,15,40.416666666666664,1
South Africa,1998,1,20.50917672229211,8223
South Africa,1998,2,24.108123630954914,5758
South Africa,1998,3,26.950906169190716,3693
South Africa,1998,4,29.363928013701425,2295
South Africa,1998,5,31.436101528042485,1366
South Africa,1998,6,33.27604012875533,777
South Africa,1998,7,34.53124760711242,405
South Africa,1998,8,35.984535655866,208
South Africa,1998,9,36.95472955415564,109
South Africa,1998,10,38.402454670652816,62
South Africa,1998,11,38.80999157983492,25
South Africa,1998,12,39.640219310274645,7
South Africa,1998,13,42.0552925494296,5
South Africa,1998,14,45.416666666666664,1
South Africa,2016,1,21.01483445400903,6124
South Africa,2016,2,25.717826575732285,4100
South Africa,2016,3,29.26570634093272,2157
South Africa,2016,4,31.640824436342964,985
South Africa,2016,5,33.05263293889989,441
South Africa,2016,6,34.28675861009077,189
South Africa,2016,7,35.78159360937246,82
South Africa,2016,8,36.71217711130493,36
South Africa,2016,9,37.4088813195021,17
South Africa,2016,10,37.044369177160725,7
South Africa,2016,11,37.63135621685567,4
South Africa,2016,12,43.10316682910451,2
Zimbabwe,1994,1,19.372265642111806,4388
Zimbabwe,1994,2,22.015524074050756,3418
Zimbabwe,1994,3,24.583163959925827,2620
Zimbabwe,1994,4,27.04469595500676,2025
Zimbabwe,1994,5,29.3629608403504,1525
Zimbabwe,1994,6,31.488126592490854,1099
Zimbabwe,1994,7,33.46642246029132,743
Zimbabwe,1994,8,34.92565366536782,457
Zimbabwe,1994,9,36.413786755721695,265
Zimbabwe,1994,10,37.94171601977316,142
Zimbabwe,1994,11,39.957317863834476,61
Zimbabwe,1994,12,41.72618750116403,26
Zimbabwe,1994,13,41.04117058956529,5
Zimbabwe,1994,14,40,1
Zimbabwe,1994,15,40,1
Zimbabwe,1994,16,41.666666666666664,1
Zimbabwe,1999,1,19.64375617671353,4207
Zimbabwe,1999,2,22.46227017711282,3090
Zimbabwe,1999,3,25.120591109012658,2224
Zimbabwe,1999,4,27.585232842722654,1596
Zimbabwe,1999,5,29.86171940745587,1131
Zimbabwe,1999,6,32.15192207441719,796
Zimbabwe,1999,7,34.124675032253165,512
Zimbabwe,1999,8,35.54120100817269,306
Zimbabwe,1999,9,36.93143826684621,175
Zimbabwe,1999,10,37.17821550639806,80
Zimbabwe,1999,11,39.05904321434678,38
Zimbabwe,1999,12,39.7177379439377,19
Zimbabwe,1999,13,39.764224427367004,6
Zimbabwe,1999,14,42.83333333333333,2
Zimbabwe,1999,15,43.25000000000001,1
Zimbabwe,1999,16,45.66666666666666,1
Zimbabwe,2005,1,19.749679002079137,6281
Zimbabwe,2005,2,22.847680195587035,4678
Zimbabwe,2005,3,25.54239540982592,3167
Zimbabwe,2005,4,28.16461234985224,2092
Zimbabwe,2005,5,30.329837499543444,1359
Zimbabwe,2005,6,32.50225818944717,845
Zimbabwe,2005,7,34.3215893296674,508
Zimbabwe,2005,8,35.97343418028026,287
Zimbabwe,2005,9,36.87503668246604,143
Zimbabwe,2005,10,37.688178290569,75
Zimbabwe,2005,11,39.6584764010439,35
Zimbabwe,2005,12,40.69708938060637,13
Zimbabwe,2005,13,40.600453752348365,4
Zimbabwe,2005,14,40.82084645413403,2
Zimbabwe,2010,1,20.00629824404178,6725
Zimbabwe,2010,2,23.291975134216482,5003
Zimbabwe,2010,3,26.438292973933734,3221
Zimbabwe,2010,4,29.048914953984745,1961
Zimbabwe,2010,5,31.261693965830872,1117
Zimbabwe,2010,6,33.1729797709971,617
Zimbabwe,2010,7,35.215389383258234,332
Zimbabwe,2010,8,36.125104040404715,167
Zimbabwe,2010,9,37.42728097067712,75
Zimbabwe,2010,10,39.002074445761494,32
Zimbabwe,2010,11,38.296391755293136,14
Zimbabwe,2010,12,36.828215948483574,8
Zimbabwe,2010,13,39.65624761757842,3
Zimbabwe,2010,14,42.316791632393816,2
Zimbabwe,2010,15,43.83638109821825,2
Zimbabwe,2015,1,20.078452110393524,7253
Zimbabwe,2015,2,23.618452822161654,5592
Zimbabwe,2015,3,26.936807332980052,3715
Zimbabwe,2015,4,29.71509277150504,2120
Zimbabwe,2015,5,31.75359695143014,1082
Zimbabwe,2015,6,33.52875282838075,531
Zimbabwe,2015,7,34.64179285993538,245
Zimbabwe,2015,8,35.87591890421485,125
Zimbabwe,2015,9,36.7263741048564,68
Zimbabwe,2015,10,38.23307049784837,37
Zimbabwe,2015,11,39.19108599942678,13
Zimbabwe,2015,12,37.961178815635314,6
Zimbabwe,2015,13,38.63540083741189,3
Zimbabwe,2015,14,45.583333333333336,1
Eswatini,2006,1,19.159278930340736,3488
Eswatini,2006,2,22.26393753506246,2520
Eswatini,2006,3,24.926046526751495,1770
Eswatini,2006,4,27.3149547691957,1244
Eswatini,2006,5,29.35408748708819,878
Eswatini,2006,6,31.39626729981302,605
Eswatini,2006,7,32.99829988313689,387
Eswatini,2006,8,34.652725459325836,245
Eswatini,2006,9,36.19676317841508,137
Eswatini,2006,10,36.77293531428412,72
Eswatini,2006,11,38.054979017306636,39
Eswatini,2006,12,39.021006797772145,14
Eswatini,2006,13,37.49003897551516,5
Eswatini,2006,14,37.162104882517085,3
Eswatini,2006,15,37.8500965561635,2
Eswatini,2006,16,43.583333333333336,1
Togo,1998,1,19.844264987396933,6289
Togo,1998,2,22.718471898512565,5195
Togo,1998,3,25.214654827309012,4249
Togo,1998,4,27.541155456530355,3372
Togo,1998,5,29.824396186410606,2556
Togo,1998,6,32.04020198817526,1851
Togo,1998,7,34.00180120412067,1250
Togo,1998,8,35.875596154223224,782
Togo,1998,9,37.3547603300813,420
Togo,1998,10,38.42207526069477,203
Togo,1998,11,39.742870422730775,70
Togo,1998,12,41.4371483537531,23
Togo,1998,13,40.54298262030879,6
Togo,1998,14,41.5446254921406,3
Togo,2013,1,20.717018918915176,6944
Togo,2013,2,23.73060068017721,5573
Togo,2013,3,26.345804829245118,4389
Togo,2013,4,28.580445150456672,3318
Togo,2013,5,30.732368443872996,2364
Togo,2013,6,32.794744732812546,1573
Togo,2013,7,34.68676955660725,1017
Togo,2013,8,36.03900090072371,576
Togo,2013,9,37.98539534032578,313
Togo,2013,10,39.663498369158525,136
Togo,2013,11,40.45795579123525,47
Togo,2013,12,40.918340900285706,14
Uganda,1995,1,18.409064037103725,5465
Uganda,1995,2,20.785291984178787,4407
Uganda,1995,3,22.986761886946127,3466
Uganda,1995,4,25.246368235125136,2720
Uganda,1995,5,27.431729225042606,2119
Uganda,1995,6,29.520649260179383,1593
Uganda,1995,7,31.42418091712541,1161
Uganda,1995,8,33.256380900477424,792
Uganda,1995,9,34.79612203544658,478
Uganda,1995,10,36.39970776398822,284
Uganda,1995,11,37.43933868981206,145
Uganda,1995,12,38.242292760884474,58
Uganda,1995,13,38.99147856901009,30
Uganda,1995,14,37.65663077223775,14
Uganda,1995,15,39.380714471885774,10
Uganda,1995,16,39.36104723753848,7
Uganda,1995,17,41.44933620043774,3
Uganda,2001,1,18.539518079545648,5501
Uganda,2001,2,20.868307909016377,4555
Uganda,2001,3,23.189976210280907,3673
Uganda,2001,4,25.47672182422881,2901
Uganda,2001,5,27.759910709647748,2193
Uganda,2001,6,29.89216573115672,1636
Uganda,2001,7,32.01078455496359,1180
Uganda,2001,8,33.90901114258568,782
Uganda,2001,9,35.536201619146595,494
Uganda,2001,10,36.69964826780465,267
Uganda,2001,11,37.64910722197809,133
Uganda,2001,12,38.908859785452414,59
Uganda,2001,13,39.54390317848318,20
Uganda,2001,14,40.679790444919206,10
Uganda,2001,15,38.95898966830611,3
Uganda,2001,16,40.146337880256176,2
Uganda,2001,17,39.75,1
Uganda,2006,1,18.62758204428936,6417
Uganda,2006,2,21.017544867944277,5466
Uganda,2006,3,23.32142164640708,4626
Uganda,2006,4,25.563037086708203,3812
Uganda,2006,5,27.7732950998118,3064
Uganda,2006,6,29.887544419134525,2343
Uganda,2006,7,31.944892218719094,1699
Uganda,2006,8,33.82906200886331,1163
Uganda,2006,9,35.655584346505314,727
Uganda,2006,10,37.20735381488977,417
Uganda,2006,11,38.63267172048453,219
Uganda,2006,12,39.433699331302215,93
Uganda,2006,13,40.028903583677945,30
Uganda,2006,14,39.56309701359222,12
Uganda,2006,15,38.75,1
Uganda,2006,16,44.25,1
Uganda,2011,1,18.687562527063132,6393
Uganda,2011,2,21.107781540884513,5421
Uganda,2011,3,23.43406822228319,4429
Uganda,2011,4,25.665846717096283,3611
Uganda,2011,5,27.85721990104846,2785
Uganda,2011,6,30.02918314183897,2133
Uganda,2011,7,31.98579194874988,1539
Uganda,2011,8,33.959261382002566,1023
Uganda,2011,9,35.66810761367563,621
Uganda,2011,10,36.82946789688587,346
Uganda,2011,11,38.382978241454964,172
Uganda,2011,12,39.778715683282826,83
Uganda,2011,13,40.027409387563814,36
Uganda,2011,14,40.96004800304429,13
Uganda,2011,15,38.91798002979413,4
Uganda,2016,1,19.118910154989234,13745
Uganda,2016,2,21.584873438069703,11358
Uganda,2016,3,23.955987486825013,9096
Uganda,2016,4,26.26668921712805,7156
Uganda,2016,5,28.432692400248673,5468
Uganda,2016,6,30.425754512144064,4012
Uganda,2016,7,32.331159330637306,2867
Uganda,2016,8,34.088231491356574,1884
Uganda,2016,9,35.57112760423561,1138
Uganda,2016,10,36.8136747231454,642
Uganda,2016,11,37.7268807791463,304
Uganda,2016,12,38.823752731859436,151
Uganda,2016,13,39.97731507295265,54
Uganda,2016,14,40.45175751117748,19
Uganda,2016,15,39.35649391307271,6
Uganda,2016,16,39.502007045863,3
Uganda,2016,17,39.09301107123011,2
Uganda,2016,18,44.666666666666664,1
Tanzania,1991,1,18.847567925384258,6913
Tanzania,1991,2,21.334663025175633,5552
Tanzania,1991,3,23.75014440485821,4420
Tanzania,1991,4,26.151891845223986,3514
Tanzania,1991,5,28.539308746420225,2786
Tanzania,1991,6,30.74806039214939,2079
Tanzania,1991,7,32.73625138384964,1497
Tanzania,1991,8,34.56524494393745,1023
Tanzania,1991,9,36.210613296675405,669
Tanzania,1991,10,37.65121267496853,366
Tanzania,1991,11,38.81060157974261,175
Tanzania,1991,12,39.669051402109375,93
Tanzania,1991,13,40.87278442462962,35
Tanzania,1991,14,42.37081242844103,13
Tanzania,1991,15,42.35109872412162,5
Tanzania,1991,16,43.08500435538857,3
Tanzania,1996,1,19.0562337014823,6083
Tanzania,1996,2,21.60382006473614,4832
Tanzania,1996,3,24.03998659707225,3864
Tanzania,1996,4,26.40707658697716,3028
Tanzania,1996,5,28.69683776480886,2313
Tanzania,1996,6,30.91035037904945,1724
Tanzania,1996,7,32.98009359838902,1222
Tanzania,1996,8,34.90831650086862,814
Tanzania,1996,9,36.25458655031549,502
Tanzania,1996,10,37.95025634861292,295
Tanzania,1996,11,39.320218950633695,138
Tanzania,1996,12,39.808820344035546,55
Tanzania,1996,13,39.46442446524023,12
Tanzania,1996,14,39.62968711681728,6
Tanzania,1996,15,42.62499999999999,2
Tanzania,1999,1,19.036124799459635,2935
Tanzania,1999,2,21.558561234439203,2340
Tanzania,1999,3,24.059038051446603,1860
Tanzania,1999,4,26.612639130406716,1446
Tanzania,1999,5,28.85600879748589,1091
Tanzania,1999,6,31.079845992612512,799
Tanzania,1999,7,32.92559497369785,561
Tanzania,1999,8,34.985741281277676,402
Tanzania,1999,9,36.57236216766605,248
Tanzania,1999,10,37.737650878946994,146
Tanzania,1999,11,38.715766430187706,64
Tanzania,1999,12,40.553109886520254,37
Tanzania,1999,13,42.66972273090874,19
Tanzania,1999,14,43.955120852968406,4
Tanzania,2004,1,19.29192101811623,7573
Tanzania,2004,2,22.040189763647163,6207
Tanzania,2004,3,24.557037109259376,4812
Tanzania,2004,4,26.904551614821546,3666
Tanzania,2004,5,29.162158410484782,2751
Tanzania,2004,6,31.202929715100165,2048
Tanzania,2004,7,33.16504375957139,1416
Tanzania,2004,8,35.01420163730312,931
Tanzania,2004,9,36.85030155658436,579
Tanzania,2004,10,38.21392694728527,330
Tanzania,2004,11,39.848666421199134,152
Tanzania,2004,12,40.085668712802075,56
Tanzania,2004,13,41.13267387208289,26
Tanzania,2004,14,42.14865851761513,7
Tanzania,2004,15,42.08319914647743,2
Tanzania,2004,16,41.666666666666664,1
Tanzania,2010,1,19.45952773055229,7326
Tanzania,2010,2,22.277556001140574,6085
Tanzania,2010,3,24.989109345104527,4802
Tanzania,2010,4,27.56092592708394,3693
Tanzania,2010,5,29.876874332711573,2702
Tanzania,2010,6,32.00549956664056,1938
Tanzania,2010,7,33.966063672614325,1353
Tanzania,2010,8,35.64826013571171,870
Tanzania,2010,9,37.31718645241283,540
Tanzania,2010,10,38.463720992566905,287
Tanzania,2010,11,39.81038870971596,125
Tanzania,2010,12,39.96723689024637,41
Tanzania,2010,13,40.164887879787585,10
Tanzania,2010,14,40.67663186196604,3
Tanzania,2010,15,41.78582556611502,2
Tanzania,2015,1,19.74363913770959,9721
Tanzania,2015,2,22.68101739108199,7720
Tanzania,2015,3,25.41515303372359,5955
Tanzania,2015,4,27.81375877097883,4515
Tanzania,2015,5,30.087173056797358,3306
Tanzania,2015,6,32.225434912663715,2310
Tanzania,2015,7,34.14303745842895,1519
Tanzania,2015,8,35.81985318510182,964
Tanzania,2015,9,37.2896116570544,574
Tanzania,2015,10,38.50782509382035,322
Tanzania,2015,11,39.600129335183254,159
Tanzania,2015,12,40.162666387838435,69
Tanzania,2015,13,40.833984503626034,26
Tanzania,2015,14,37.88497391925298,5
Tanzania,2015,15,36.07214449915664,2
Tanzania,2015,16,38.166666666666664,1
Tanzania,2015,17,40.666666666666664,1
Tanzania,2022,1,19.93028475444199,11116
Tanzania,2022,2,23.03486202231104,8933
Tanzania,2022,3,25.97996178687416,6753
Tanzania,2022,4,28.498770572178817,4816
Tanzania,2022,5,30.631375339816017,3314
Tanzania,2022,6,32.48901389428488,2238
Tanzania,2022,7,34.27930415751608,1421
Tanzania,2022,8,35.83488026942634,858
Tanzania,2022,9,37.102582515064064,481
Tanzania,2022,10,38.608404277116236,270
Tanzania,2022,11,39.49220567222073,122
Tanzania,2022,12,39.628825762751845,41
Tanzania,2022,13,40.74929651194328,17
Tanzania,2022,14,41.943816909666594,7
Tanzania,2022,15,44.755846164820625,5
Tanzania,2022,16,45.083333333333336,1
Tanzania,2022,17,46.75,1
Burkina Faso,1993,1,19.081212694079625,4778
Burkina Faso,1993,2,21.59437908870268,3920
Burkina Faso,1993,3,24.10486255577891,3223
Burkina Faso,1993,4,26.403509988653227,2623
Burkina Faso,1993,5,28.77537957237758,2009
Burkina Faso,1993,6,31.18342916469798,1531
Burkina Faso,1993,7,33.2969017758778,1075
Burkina Faso,1993,8,35.392908164937666,718
Burkina Faso,1993,9,36.926623262447876,429
Burkina Faso,1993,10,38.4699192915551,208
Burkina Faso,1993,11,39.91536707631721,98
Burkina Faso,1993,12,39.6720643216985,33
Burkina Faso,1993,13,39.87169117769927,8
Burkina Faso,1993,14,42,1
Burkina Faso,1993,15,43,1
Burkina Faso,1998,1,19.169479231559443,4916
Burkina Faso,1998,2,21.681151709067343,4132
Burkina Faso,1998,3,24.254769828972226,3442
Burkina Faso,1998,4,26.72975409551687,2796
Burkina Faso,1998,5,29.15719778366295,2218
Burkina Faso,1998,6,31.41689128790639,1705
Burkina Faso,1998,7,33.51566267981125,1246
Burkina Faso,1998,8,35.3717632099902,801
Burkina Faso,1998,9,37.025850617115665,478
Burkina Faso,1998,10,38.172648923479144,244
Burkina Faso,1998,11,38.297605835517814,96
Burkina Faso,1998,12,39.54597323927765,46
Burkina Faso,1998,13,39.76219404814839,16
Burkina Faso,1998,14,42.82681599476007,8
Burkina Faso,1998,15,45.833333333333336,1
Burkina Faso,2003,1,19.38609960019947,9474
Burkina Faso,2003,2,22.086133236679963,7953
Burkina Faso,2003,3,24.74261060902314,6570
Burkina Faso,2003,4,27.2498175110855,5281
Burkina Faso,2003,5,29.709167018492785,4115
Burkina Faso,2003,6,32.06853523002718,3105
Burkina Faso,2003,7,34.16339637347659,2205
Burkina Faso,2003,8,35.93471327213216,1382
Burkina Faso,2003,9,37.66629773671492,791
Burkina Faso,2003,10,39.02861362480894,394
Burkina Faso,2003,11,40.03816483307834,160
Burkina Faso,2003,12,40.952253613446096,63
Burkina Faso,2003,13,41.574407201809755,18
Burkina Faso,2003,14,42.692183950652854,7
Burkina Faso,2003,15,39.583333333333336,2
Burkina Faso,2010,1,19.47739723527538,13247
Burkina Faso,2010,2,22.22795288976188,11181
Burkina Faso,2010,3,24.865518113149324,9143
Burkina Faso,2010,4,27.39322641045756,7242
Burkina Faso,2010,5,29.817990837607194,5528
Burkina Faso,2010,6,32.123412828165904,4068
Burkina Faso,2010,7,34.21165134986432,2673
Burkina Faso,2010,8,35.994647801992755,1599
Burkina Faso,2010,9,37.18206220076046,824
Burkina Faso,2010,10,38.321092120110656,404
Burkina Faso,2010,11,39.579041803198116,178
Burkina Faso,2010,12,39.18017873364886,56
Burkina Faso,2010,13,39.53424577983746,22
Burkina Faso,2010,14,38.14570955883101,7
Burkina Faso,2010,15,39.55802351338868,4
Burkina Faso,2010,16,41.583333333333336,1
Burkina Faso,2010,17,41.583333333333336,1
Burkina Faso,2021,1,19.925491362250966,12931
Burkina Faso,2021,2,23.010044776090197,10616
Burkina Faso,2021,3,25.919605825014617,8494
Burkina Faso,2021,4,28.63975868414945,6400
Burkina Faso,2021,5,31.029902184370048,4502
Burkina Faso,2021,6,33.22030462523165,2842
Burkina Faso,2021,7,34.99297834966001,1581
Burkina Faso,2021,8,36.50606283912556,813
Burkina Faso,2021,9,38.09595957271238,365
Burkina Faso,2021,10,39.29341789376959,136
Burkina Faso,2021,11,39.51463288076118,44
Burkina Faso,2021,12,39.76442479155656,16
Burkina Faso,2021,13,39.64600248993527,4
Burkina Faso,2021,14,35.166666666666664,1
Zambia,1992,1,18.40967075783194,5186
Zambia,1992,2,20.92159631049138,4112
Zambia,1992,3,23.228357209950904,3300
Zambia,1992,4,25.53515076429166,2624
Zambia,1992,5,27.83947483321899,2062
Zambia,1992,6,29.908501342970222,1584
Zambia,1992,7,32.006146866316634,1204
Zambia,1992,8,33.9536059391427,858
Zambia,1992,9,35.78597738322275,556
Zambia,1992,10,37.3589159698595,341
Zambia,1992,11,38.77609049499093,183
Zambia,1992,12,40.043682278303294,81
Zambia,1992,13,40.183728930218976,23
Zambia,1992,14,40.58173949238045,4
Zambia,1992,15,39.050182605691134,2
Zambia,1992,16,41.93320294302392,2
Zambia,1996,1,18.592092758967,5996
Zambia,1996,2,21.15390586494699,4768
Zambia,1996,3,23.497493443870482,3755
Zambia,1996,4,25.822637236960638,2940
Zambia,1996,5,28.00388177151352,2276
Zambia,1996,6,30.05894719765602,1714
Zambia,1996,7,32.027880663909265,1239
Zambia,1996,8,34.00841531633422,882
Zambia,1996,9,35.64338271096098,577
Zambia,1996,10,37.06108314808277,339
Zambia,1996,11,38.48709800723606,178
Zambia,1996,12,38.8526792295721,75
Zambia,1996,13,39.90216820439177,37
Zambia,1996,14,40.034756093905244,15
Zambia,1996,15,40.88659745651706,7
Zambia,1996,16,47.25,1
Zambia,2001,1,18.65787036566757,5831
Zambia,2001,2,21.260932804775038,4671
Zambia,2001,3,23.7378864204531,3683
Zambia,2001,4,26.12403294919941,2855
Zambia,2001,5,28.499439601836492,2179
Zambia,2001,6,30.768183355629485,1615
Zambia,2001,7,32.83836869668535,1161
Zambia,2001,8,34.81262381019051,800
Zambia,2001,9,36.32945575783652,483
Zambia,2001,10,37.654666866773645,286
Zambia,2001,11,39.060433785501964,141
Zambia,2001,12,40.243390816700874,61
Zambia,2001,13,40.59650693793111,23
Zambia,2001,14,41.619002536603624,12
Zambia,2001,15,42.278996312888566,4
Zambia,2007,1,19.01162721548302,5410
Zambia,2007,2,21.67883730442518,4376
Zambia,2007,3,24.221672061657866,3470
Zambia,2007,4,26.6455984214826,2648
Zambia,2007,5,29.102345351455153,1913
Zambia,2007,6,31.257744384712396,1354
Zambia,2007,7,33.35023721390799,933
Zambia,2007,8,35.30611941927839,599
Zambia,2007,9,37.06759718209177,354
Zambia,2007,10,38.260625279749796,178
Zambia,2007,11,39.19128185194879,88
Zambia,2007,12,40.62653440456996,35
Zambia,2007,13,41.30513366300408,4
Zambia,2007,14,42.19035634862289,3
Zambia,2007,15,44.333333333333336,1
Zambia,2013,1,19.106121999327318,12421
Zambia,2013,2,21.93265095921594,10056
Zambia,2013,3,24.545171062401664,7972
Zambia,2013,4,26.99135704779788,6113
Zambia,2013,5,29.322627363688195,4517
Zambia,2013,6,31.525602042217255,3214
Zambia,2013,7,33.550312878912635,2166
Zambia,2013,8,35.445156334436135,1324
Zambia,2013,9,37.208791840343956,768
Zambia,2013,10,38.699560676709,388
Zambia,2013,11,39.79296397549089,164
Zambia,2013,12,40.93239949652014,71
Zambia,2013,13,42.32600354377316,23
Zambia,2013,14,42.75356442179326,8
Zambia,2013,15,41.09414461180418,2
Zambia,2018,1,19.193987630398954,10296
Zambia,2018,2,22.17363920632875,8019
Zambia,2018,3,24.972074784070003,6214
Zambia,2018,4,27.57431833877181,4674
Zambia,2018,5,29.915652471716935,3411
Zambia,2018,6,32.107424748499454,2393
Zambia,2018,7,34.03739896508513,1552
Zambia,2018,8,35.764526615149876,925
Zambia,2018,9,36.93795167581351,499
Zambia,2018,10,38.69952744482995,272
Zambia,2018,11,39.35782402510669,118
Zambia,2018,12,40.0173910230175,49
Zambia,2018,13,41.35336787737114,19
Zambia,2018,14,42.22381902749215,5
